id,urna,nome,num,cargo,partido,ocupacao,instrucao,idade,reeleicao,em2022,patrimonio,redes,ja_pesquisado
240002551679,A Sabrina da Conceição,Sabrina da Conceicao Antonio,7013,Deputado federal,AVANTE,Empresário,Médio completo,42,,,0,HTTPS://WWW.INSTAGRAM.COM/SABRINADCONCEICAO,
240002551677,Claudinho do Futebol,Claudio Wesley da Silva,7040,Deputado federal,AVANTE,Servidor Público Municipal,Superior incompleto,45,,Deputado Federal (AVANTE): Não eleito,25000,HTTPS://WWW.INSTAGRAM.COM/CWS_SILVA.1304?IGSH=MWHIC2VUM2J1ATJSCW== HTTPS://WWW.FACEBOOK.COM/SHARE/18SDSANPPV/,
240002551684,Daiane Americo,Daiane Campos Americo Bittencourte,7012,Deputado federal,AVANTE,Empresário,Superior completo,37,,,0,HTTPS://WWW.INSTAGRAM.COM/ANEAMERIC?IGSH=DWXOZJQWMZLVBZU0&UTM_SOURCE=QR,
240002551690,Davi Almeida,Davi Mesquita Lopes de Almeida,7070,Deputado federal,AVANTE,Empresário,Superior incompleto,26,,,1500000,HTTPS://WWW.INSTAGRAM.COM/DAVIALMEIDA.70SC?IGSH=MWQWA2FXDZLQMDJJAQ==,
240002551680,Dj Angel,Angel Miguel Gomes Schon,7007,Deputado federal,AVANTE,Comerciário,Médio completo,22,,,0,HTTPS://WWW.INSTAGRAM.COM/ANGETUNES,
240002551676,Indio Fotografo,Hamilton Mendes de Oliveira,7090,Deputado federal,AVANTE,Fotógrafo e Assemelhados,Fundamental incompleto,58,,Deputado Estadual (AVANTE): Não eleito,0,HTTPS://WWW.INSTAGRAM.COM/INDIO_FOTOGRAF?IGSH=MTJ2NNBRBMFOB3PH,
240002551689,Ivo Machado,Ivo Paulino Machado,7088,Deputado federal,AVANTE,"Corretor de Imóveis, Seguros, Títulos e Valores",Médio completo,66,,,150902,HTTPS://WWW.FACEBOOK.COM/SHARE/1AWFTKOIFT/ HTTPS://WWW.INSTAGRAM.COM/IVO_MACHADO1?IGSH=ZTQZEXMYMWNTNW5S,
240002551685,Levi Rioschi,Levi Rioschi,7022,Deputado federal,AVANTE,Ocupante de Cargo em Comissão,Superior completo,53,,,68000,HTTPS://WWW.INSTAGRAM.COM/LEVIRIOSCHI HTTPS://WWW.FACEBOOK.COM/LEVIRIOSCHI,
240002551691,Luizão de Chapecó,Luiz Henrique Bernardo da Silva,7080,Deputado federal,AVANTE,Agricultor,Superior incompleto,69,,,0,HTTPS://WWW.INSTAGRAM.COM/LUIZAOCHAPECO70?IGSH=MXVMN2I3DJL6D283YW==,
240002551687,Mauri das Lajotas,Mauri José Dartora,7000,Deputado federal,AVANTE,Empresário,Fundamental completo,59,,,800000,HTTPS://WWW.TIKTOK.COM/MAURIDARTORA HTTPS://WWW.FACEBOOK.COM/MAURI.DARTORA.9 HTTPS://WWW.INSTAGRAM.COM/MAURIDASLAJOTAS,
240002551678,Michelle Paiva,Michelle Silvia Paiva,7072,Deputado federal,AVANTE,Servidor Público Estadual,Superior incompleto,48,,,0,HTTPS://WWW.FACEBOOK.COM/MICHELLEPAIVA HTTPS://WWW.INSTAGRAM.COM/MICHELLEPAIVA878,
240002551692,Professora Angélica,Maria Angélica Costa,7055,Deputado federal,AVANTE,Servidor Público Civil Aposentado,Superior completo,66,,Deputado Estadual (SOLIDARIEDADE): Não eleito,0,HTTPS://WWW.FACEBOOK.COM/SHARE/19LNVK1UFC/?MIBEXTID=WWXIFR HTTPS://WWW.INSTAGRAM.COM/PROF_ANGELICAHISTORIA?IGSH=Y290EW1ZNWZZBGX1,
240002551688,Ricardo Rodrigues,Ricardo José Rodrigues,7044,Deputado federal,AVANTE,"Corretor de Imóveis, Seguros, Títulos e Valores",Médio completo,54,,,1169000,https://www.instagram.com/ricardorodrigues7044_,
240002551682,Rodrigo Simão,Rodrigo Michalski Simão,7017,Deputado federal,AVANTE,Vendedor de Comércio Varejista e Atacadista,Superior incompleto,48,,,177000,HTTPS://WWW.RODRIGOSIMAO.COM.BR HTTPS://WWW.FACEBOOK.COM/RODRIGO.MICHALSKISIMAO/ HTTPS://WWW.INSTAGRAM.COM/RODRIGOSIMAO.SJ/,
240002551683,Sadi Ribeiro,Sadi Miguel Ribeiro,7020,Deputado federal,AVANTE,Empresário,Superior incompleto,60,,Deputado Federal (AVANTE): Não eleito,0,HTTPS://WWW.INSTAGRAM.COM/SADIRIBEIROBV?IGSH=A204CHI2AMRHNGXQ&UTM_SOURCE=QR,
240002552192,Sergio Marinello,Sergio Fiore dos Santos Marinello,7010,Deputado federal,AVANTE,Empresário,Superior completo,46,,,0,@sergiomarinello1011,
240002539634,Arlei,Arlei da Silva,2345,Deputado federal,CIDADANIA,Outros,Superior incompleto,56,,,300000,,
240002539635,Dra. Barbara Kawall,Barbara Kawall Connolly,2323,Deputado federal,CIDADANIA,Médico,Superior completo,38,,,462543,https://www.instagram.com/barbarakawall_/ https://www.facebook.com/BarbaraKawall/,
240002539633,Roseli Moraes (rose),Roseli Moraes Silva,2322,Deputado federal,CIDADANIA,Outros,Superior completo,55,,,118500,HTTPS://WWW.INSTAGRAM.COM/ROSELI_MORAES23/ HTTPS://WWW.FACEBOOK.COM/ROSELIMORAESS18?LOCALE=PT_BR,
240002543053,Claudiomir Castilho Ramos,Claudiomir Castilho Ramos,2739,Deputado federal,DC,Professor e Instrutor de Formação Profissional,Superior incompleto,56,,,0,HTTPS://WWW.INSTAGRAM.COM/CLAUDIOMIR_R?IGSH=Z2HSC3EXNWO2DWLU HTTPS://WWW.FACEBOOK.COM/SHARE/1RI3WRTVVW/?MIBEXTID=WWXIFR HTTPS://X.COM/CLAUDIOMIRCAST1,
240002543047,Cler da Silva,Clair da Silva,2755,Deputado federal,DC,Produtor de Espetáculos Públicos,Superior completo,48,,,1046169,HTTPS://WWW.INSTAGRAM.COM/REEL/DBA5PSZRP_X/?IGSH=M3PXCZE0AXRHBTJP HTTPS://WWW.FACEBOOK.COM/SHARE/19MRJ7GMQC/?MIBEXTID=WWXIFR https://www.instagram.com/clerdasilva/,
240002543049,Djeiksson Stringhini,Djeiksson Felipe Prior Stringhini,2730,Deputado federal,DC,Engenheiro,Superior completo,30,,,45000,TTPS://WWW.FACEBOOK.COM/SHARE/1BNIMH2XPQ/?MIBEXTID=WWXIFR HTTPS://WWW.INSTAGRAM.COM/DJEIKSSON.P.S?IGSH=MW1QN3IWB3RUCHDIZA%3D%3D&UTM_SOURCE,sim
240002543052,Elias de Lima,Elias de Lima,2727,Deputado federal,DC,Empresário,Médio completo,47,,,279000,HTTPS://WWW.INSTAGRAM.COM/ELIASDELIMA1979?IGSH=DNEYMGJ5BGHRBMV0 HTTPS://WWW.TIKTOK.COM/@.ELIASDELIMA?_R=1&_T=ZS-98FAIAN9673 HTTPS://WWW.FACEBOOK.COM/SHARE/1YTGCNMAFG/,
240002543054,Fran Kruck,Francisca Kruck Rodrigues da Silva,2777,Deputado federal,DC,Vendedor de Comércio Varejista e Atacadista,Médio completo,52,,Deputado Estadual (DC): Não eleito,0,HTTPS://WWW.FACEBOOK.COM/SHARE/1HQ4YPZ4VR/ HTTPS://WWW.INSTAGRAM.COM/FRAN_KRUCK?IGSH=MXHRDHRMNDLSM21VZA==,
240002543045,Francis Neto,Francisco Figura Neto,2723,Deputado federal,DC,Empresário,Superior completo,43,,,3000,HTTPS://WWW.INSTAGRAM.COM/PRFRANCISNETOOFICIAL?IGSH=MWNZBHQZOHA2BDNPZA== FACEBOOK HTTPS://WWW.FACEBOOK.COM/SHARE/1ERMWS6FZT/,
240002543048,Giliardi Dorn,Giliardi Dorn,2799,Deputado federal,DC,Administrador,Superior completo,41,,Deputado Federal (PATRIOTA): Não eleito,1545000,HTTPS://WWW.FACEBOOK.COM/GILIARDI.DORN HTTPS://WWW.LINKEDIN.COM/IN/GILIARDIDORN/ HTTPS://WWW.INSTAGRAM.COM/GILIARDIDORN_DC/,
240002543060,Jackson Soares,Jackson Soares da Silva,2789,Deputado federal,DC,Cantor e Compositor,Fundamental completo,40,,,100000,HTTPS://WWW.FACEBOOK.COM/SHARE/1H4PRN5DH2/ HTTPS://WWW.INSTAGRAM.COM/JACKSONESEUSTECLADOS?IGSH=MWLOCMIZMJVLDWKZYW==,
240002543044,João Fontoura,João Natanael Dornelles da Fontoura,2700,Deputado federal,DC,Escultor e Pintor,Fundamental completo,51,,,0,HTTPS://WWW.FACEBOOK.COM/SHARE/1HYQW5MH8X/?MIBEXTID=WWXIFR,
240002543055,Leticia Paloma,Letícia Paloma Kwoll Vargas,2733,Deputado federal,DC,"Corretor de Imóveis, Seguros, Títulos e Valores",Superior completo,25,,,35949,HTTPS://WWW.FACEBOOK.COM/SHARE/17FRE5JDI4/ HTTPS://WWW.INSTAGRAM.COM/LETICIAPALOMA_OFICIAL?IGSH=MTL6ZWHXA2PRYTJOCQ==,
240002543058,Luciana Lopes,Luciana Lopes Ferreira,2711,Deputado federal,DC,Cabeleireiro e Barbeiro,Fundamental incompleto,51,,,0,HTTPS://WWW.FACEBOOK.COM/SHARE/1EURGCKTBR/?MIBEXTID=WWXIFR HTTPS://WWW.INSTAGRAM.COM/LUCIANALF45?IGSH=DGKXEGZJBXDJAJG4,
240002543059,Marcelo Biagiotti,João Marcelo Galbiatti Biagiotti,2707,Deputado federal,DC,Representante Comercial,Superior completo,57,,,52000,HTTPS://WWW.TIKTOK.COM/@MARCELO_DEPFEDEDERAL2707?_R=1&_T=ZS-98FEGNL3YGR HTTPS://WWW.INSTAGRAM.COM/MARCELOBIAGIOTTI_DEP_FED_2707/ HTTPS://WWW.FACEBOOK.COM/PROFILE.PHP?ID=61592990369364,
240002543057,Miro do Canto Gaúcho,Valdemir Antonio dos Santos,2701,Deputado federal,DC,Comerciante,Fundamental completo,68,,,500000,HTTPS://WWW.INSTAGRAM.COM/MIRODOKANTOGAUCHO?IGSH=MXDVBJDPBHHXCZR2YG== HTTPS://WWW.FACEBOOK.COM/SHARE/1BPCVUFVKX/?MIBEXTID=WWXIFR,
240002543050,Sergio da Farmacia,Sergio de Giacometti,2722,Deputado federal,DC,Diretor de Empresas,Superior completo,69,,Deputado Federal (CIDADANIA): Suplente,51161,HTTPS://WWW.FACEBOOK.COM/SHARE/1LCCE64XRS/ HTTPS://WWW.INSTAGRAM.COM/SERGIODAFARMACIA_OFICIAL?IGSH=MWFRETZKNTCXOXBT,
240002543051,Simone Xavier,Simone Aparecida Xavier,2788,Deputado federal,DC,Relações-Públicas,Superior completo,58,,,0,HTTPS://WWW.INSTAGRAM.COM/SIMONEXAVIER_BETELFM?IGSH=MWD6OXVVM2V0B3G2AW%3D%3D&UT HTTPS://WWW.FACEBOOK.COM/SHARE/1H3LICNN6M/?MIBEXTID=WWXIFR,
240002543046,Taize Zagonel,Taize Zagonel,2744,Deputado federal,DC,Garçom,Médio incompleto,35,,,44000,HTTPS://WWW.TIKTOK.COM/@TAIZEZAGONEL?_R=1&_T=ZS-98EZVIFFIU0 HTTPS://WWW.FACEBOOK.COM/SHARE/1EB7ZSDM3U/ HTTPS://WWW.INSTAGRAM.COM/ZAGONELTAIZE?IGSH=OTVHC3DZMJDPDJY1,
240002543056,Tony Ramos,Antonio Alberto Moreira Ramos,2712,Deputado federal,DC,Vendedor de Comércio Varejista e Atacadista,Fundamental incompleto,49,,,0,HTTPS://WWW.TIKTOK.COM/@TONY.RAMOS439?_R=1&_T=ZS-98FAF0ED7XC HTTPS://WWW.INSTAGRAM.COM/TONYRAMOS.2025?IGSH=MTB5AJFIDTHWDMZSEA== HTTPS://WWW.FACEBOOK.COM/SHARE/14JDW9E5YSS/?MIBEXTID=WWXIFR,
240002541403,Angela Cad Unico,Angela dos Santos Oliveira Rodrigues,1555,Deputado federal,MDB,Servidor Público Municipal,Fundamental incompleto,53,,,0,https://angelacadunico.com.br/ HTTPS://WWW.INSTAGRAM.COM/ANGELARODRIGUESPH?IGSH=BHFTMWU3AJHLOWL4,
240002541399,Ciro,Ciro André Quintino,1567,Deputado federal,MDB,Vereador,Superior completo,53,,,145000,HTTPS://WWW.TIKTOK.COM/@CIROANDREQUINTINOO?_R=1&_T=ZS-98HZRJVQNFH HTTPS://WWW.FACEBOOK.COM/SHARE/1BFH9EOEAR/?MIBEXTID=WWXIFR HTTPS://WWW.INSTAGRAM.COM/CIROANDREQUINTINO?IGSH=MXY3YW9TD2Q4Z3NIZW==,
240002541396,Cleiton Fossá,Cleiton Márcio Fossá,1500,Deputado federal,MDB,Advogado,Superior completo,46,,Deputado Estadual (MDB): Suplente,1561617,HTTPS://WWW.FACEBOOK.COM/SHARE/181DGUCO1Q/ HTTPS://WWW.THREADS.COM/@CLEITON.FOSSA?INVITE=0 HTTPS://WWW.INSTAGRAM.COM/CLEITON.FOSSA?IGSH=ZW8WNTJ2BGN3NJRI,
240002541398,Dani Sant Anna,Danubia Manarin Sant Anna,1516,Deputado federal,MDB,Administrador,Superior completo,38,,,33542,https://www.facebook.com/people/Dani-Santanna/61593245981374/ https://www.threads.com/@scdanisantanna HTTPS://WWW.INSTAGRAM.COM/DANISANTANNABR,
240002541405,Dr.eloi,Eloi Jose Quege,1570,Deputado federal,MDB,Médico,Superior completo,58,,,1789956,HTTPS://WWW.INSTAGRAM.COM/DRELOIQUEGE?IGSH=EXVTBM00BXZ4ADDQ,
240002541407,Joao Matos,Joao Marcos Matos,1598,Deputado federal,MDB,Empresário,Superior completo,52,,,1370733,HTTPS://WWW.TIKTOK.COM/@JOAOMATOS.SC?_R=1&_T=ZS-98ECBTDCRRG //// INSTAGRAM PERFI HTTPS://WWW.FACEBOOK.COM/SHARE/1EXLYT8YIC/?MIBEXTID=WWXIFR /// FACEBOOK PAGINA: HTTPS://WWW.INSTAGRAM.COM/JOAOMATOS.SC?IGSH=OTJTYMC2ZZA5YNLZ&UTM_SOURCE=QR ///,
240002541409,Joma Fretta,Joao Marcelo Fretta Zappelini,1515,Deputado federal,MDB,Advogado,Superior completo,49,,,5209513,HTTPS://WWW.INSTAGRAM.COM/JOMAFRETTA?IGSH=MXDNOWDWEGS1ANJWAQ==,
240002541406,Pezenti,Rafael Pezenti,1510,Deputado federal,MDB,Jornalista e Redator,Superior completo,39,sim,Deputado Federal (MDB): Eleito por média,648941,HTTPS://WWW.INSTAGRAM.COM/DEPUTADOPEZENTI?IGSH=NWVTCTG0BJJQNXJ5 HTTPS://WHATSAPP.COM/CHANNEL/0029VAGLLS08F2P58OMXHG1P HTTPS://WWW.YOUTUBE.COM/@DEPUTADOPEZENTI,
240002541410,Prof.. Édina,Édina Raquel Ruas,1509,Deputado federal,MDB,Professor de Ensino Fundamental,Superior completo,56,,,276090,HTTPS://WWW.INSTAGRAM.COM/PROF.EDINARUAS?IGSH=MWDOCXHZBM9IANG1BW== HTTPS://WWW.TIKTOK.COM/@PROF.EDINARUAS?_R=1&_T=ZS-98FY4YMNA2G HTTPS://WWW.FACEBOOK.COM/SHARE/1XBO7EAHYM/,
240002541400,Professora Natália,Natalia Lucia Petry,1523,Deputado federal,MDB,Vereador,Superior completo,65,,,1628984,HTTPS://WWW.FACEBOOK.COM/NATALIALUCIAPETRY HTTPS://WWW.TIKTOK.COM/@PROFESSORANATALIAPETRY?_R=1&_T=ZS-98ZLZY7YUHV HTTPS://YOUTUBE.COM/@NATALIALUCIAPETRY?SI=JDA1FJTW3Y3LGWHN,
240002541402,Raquel da Reurb,Raquel Cristina Bächtold,1527,Deputado federal,MDB,Empresário,Médio completo,41,,,0,HTTPS://WWW.THREADS.COM/@RAQUELBACHTOLD HTTPS://WWW.INSTAGRAM.COM/RAQUELBACHTOLD?IGSH=MTI0CXHXDTEYD2PIBW== HTTP://WWW.YOUTUBE.COM/@RAQUELREURB,
240002541401,Rodrigo Coelho,Rodrigo Coelho,1540,Deputado federal,MDB,Advogado,Superior completo,46,,Deputado Federal (PODE): Não eleito,1945123,HTTPS://YOUTUBE.COM/@RODRIGOCOELHOOFICIAL?SI=GDVSCR73WWJ-35GY HTTPS://COELHORODRIGO.COM.BR HTTPS://X.COM/COELHO_RODRIGO,
240002541411,Teodoro,Teodoro Marcelo Adao,1551,Deputado federal,MDB,Motoboy,Médio incompleto,40,,,23000,HTTPS://WWW.INSTAGRAM.COM/TEODORO_ADAO?UTM_SOURCE=IG_WEB_BUTTON_SHARE_SHEET&IGSH https://www.facebook.com/people/Teodoro-Ad%C3%A3o/61551115981034/ https://www.facebook.com/adrieli.machado.50,
240002541408,Valdir Cobalchini,Valdir Vital Cobalchini,1560,Deputado federal,MDB,Deputado,Superior completo,63,sim,Deputado Federal (MDB): Eleito por QP,1975627,HTTPS://WWW.FACEBOOK.COM/VALDIRCOBALCHINI HTTPS://WWW.FACEBOOK.COM/SHARE/17ORVLVGFB/ HTTPS://WWW.INSTAGRAM.COM/VALDIRCOBALCHINI?IGSH=ZW90Z3B5DGZYM3QY,
240002541395,Vini Protetor de Animais,Vinicius Rodrigues Ramos,1588,Deputado federal,MDB,Empresário,Superior completo,42,,,547089,"https://viniamoranimal.com.br/ HTTPS://WWW.TIKTOK.COM/@VINI.PROTETORDEANIMAIS?_R=1&_T=ZS-98HX0ERQNLX HTTPS://WWW.INSTAGRAM.COM/VINI.PROTETORDEANIMAIS,",
240002541397,Zagonel,Closmar Zagonel,1590,Deputado federal,MDB,Vereador,Médio completo,58,,,747,HTTPS://WWW.INSTAGRAM.COM/ZAGONEL_LL?IGSH=MWH5AMRQBND1A2FO HTTPS://WWW.TIKTOK.COM/@CLOSMAR.ZAGONEL?_R=1&_T=ZS-98FGSFZPJ7C HTTPS://WWW.FACEBOOK.COM/CLOSMAR-ZAGONEL-1110549055704858,
240002544675,Adriana Custodio Lino,Adriana Custodio Lino,1426,Deputado federal,MISSÃO,Servidor Público Estadual,Superior completo,51,,,630000,https://www.facebook.com/19levfr9kr https://www.instagram.com/adriana.custodiolino https://tiktok.com/@adriana.custodio77,
240002544684,Ana Beatriz Koerich,Ana Beatriz Koerich,1404,Deputado federal,MISSÃO,Fotógrafo e Assemelhados,Superior completo,21,,,0,https://www.instagram.com/a._koerich,
240002544681,Andiara Ferreira,Andiara Rafaela Ferreira Nogueira,1400,Deputado federal,MISSÃO,Advogado,Superior completo,34,,,878502,https://www.facebook.com/share/1BLf4BwQ21/ https://www.tiktok.com/@andiara.ferreira.ofc https://www.instagram.com/andiara.ferreiraadv,
240002544683,Andressa de Oliveira,Andressa de Oliveira,1422,Deputado federal,MISSÃO,Alfaiate e Costureiro,Médio completo,33,,,0,https://www.tiktok.com/@andressa.de.olive96?_r=1&_t=ZS-99Bw0P7f9OO https://www.instagram.com/andressaoliveira_sc?igsi=cHV5Y2txaXJkOTh5&utm_source=qr https://www.instagram.com/andressa.o14,
240002544676,Anna Vargas,Anna Paola Reichert Pinheiro Alves Vargas,1407,Deputado federal,MISSÃO,Publicitário,Superior completo,39,,,0,https://www.instagram.com/annavargas.sc,
240002544686,Bruno Dias,Bruno Henrique Dias de Souza,1450,Deputado federal,MISSÃO,Comerciante,Superior completo,28,,,0,https://www.instagram.com/brunodias.missao,
240002544682,Felipe Barcellos,Felipe Barcellos Monte Raso,1414,Deputado federal,MISSÃO,Administrador,Superior incompleto,22,,,25834,https://www.facebook.com/felipebarcellos.sc/?_rdc=2&_rdr# https://www.youtube.com/@felipebarcellossc https://linkedin.com/in/felipe-barcellos-monte-raso-ab86b9225,
240002544689,Frank Lôbo,Jody Frank Romeiro Alves Queiroz,1401,Deputado federal,MISSÃO,Empresário,Superior completo,64,,Deputado Estadual (PV): Suplente,150000,https://www.instagram.com/franklobodeputado,
240002544690,Jordam Brito,Jhordam Brito dos Santos,1430,Deputado federal,MISSÃO,Auxiliar de Laboratório,Médio completo,25,,,198000,https://www.threads.com/@jordambrito.sc https://x.com/jordambritosc https://www.youtube.com/@jordambritosc,
240002544677,Larissa Becker Kamers,Larissa Becker Kamers,1444,Deputado federal,MISSÃO,Empresário,Médio completo,29,,,68146,https://instagram.com/larissakamers,
240002544687,Lucas Silveira,Lucas Ferreira Silveira,1494,Deputado federal,MISSÃO,Comerciário,Superior incompleto,31,,,0,https://facebook.com/1cuhg3sfxo https://youtube.com/@olucasfsilveira https://tiktok.com/@olucasfsilveira,
240002544680,Marcos Boettcher,Marcos Boettcher,1411,Deputado federal,MISSÃO,Contador,Superior completo,49,,Deputado Federal (SOLIDARIEDADE): Não eleito,28000,https://www.tiktok.com/@marcosboettcher77 https://x.com/boettchermarcos https://www.facebook.com/marcos.boettcher/,
240002544678,Pablo Tessari,Pablo Henrique Carvalho Tessari,1440,Deputado federal,MISSÃO,Técnico em Informática,Médio completo,25,,,239,HTTPS://WWW.INSTAGRAM.COM/TESSARISC/ https://www.youtube.com/@tessarisc https://www.tiktok.com/@tessarisc_,
240002544688,Paulo Josué,Paulo Josué Lima Pereira,1456,Deputado federal,MISSÃO,Advogado,Superior completo,26,,,0,https://tiktok.com/@paulojosue14 https://www.instagram.com/paulojosue14 https://www.instagram.com/liberdade.ararangua/,
240002544674,Santiago Cesar,Santiago da Silva Cesar,1477,Deputado federal,MISSÃO,Professor de Ensino Médio,Superior completo,31,,,99877,https://www.santiagocesar.com.br/ https://www.facebook.com/santiago.cesar.9 https://www.tiktok.com/@santiagocesar1477,
240002544679,Tuco Farias,Artur de Farias Vieira,1415,Deputado federal,MISSÃO,Outros,Superior incompleto,21,,,0,https://www.tiktok.com/@tucofariassc https://instagram.com/tucofariassc https://x.com/arturdefariasv,
240002544685,Vagner Visoli,Vagner Visoli,1410,Deputado federal,MISSÃO,Administrador,Superior completo,45,,Deputado Federal (PROS): ,244688,https://www.youtube.com/@vagner.visoli https://www.facebook.com/vagner.visoli https://www.instagram.com/apoiadoresmissaobiguacu,
240002535422,Amanda Teixeira,Amanda Gehlen Teixeira,3008,Deputado federal,NOVO,Empresário,Superior incompleto,28,,,40000,HTTPS://WWW.INSTAGRAM.COM/AMANDATEIXEIRAHS/,
240002535435,André de Oliveira,André de Oliveira,3010,Deputado federal,NOVO,Engenheiro,Superior completo,35,,Deputado Estadual (NOVO): Suplente,1120000,HTTPS://WWW.INSTAGRAM.COM/ANDREOLIVEIRA.SC HTTPS://WWW.FACEBOOK.COM/ANDREDEOLIVEIRA,sim
240002535432,Anna Valente,Anna Carolina Ghiorzi Valente,3031,Deputado federal,NOVO,Administrador,Superior completo,49,,,0,https://x.com/annavalente https://x.com/annavalente.sc https://www.facebook.com/annavalente.sc,
240002535425,Bia Borba,Beatriz Ignácio Borba,3022,Deputado federal,NOVO,Vereador,Superior incompleto,21,,,59900,https://www.tiktok.com/@beatrizzborbasc https://x.com/beatrizborbasc HTTPS://WWW.INSTAGRAM.COM/BEATRIZBORBASC,
240002535434,Gilson Marques,Gilson Marques Vieira,3050,Deputado federal,NOVO,Deputado,Superior completo,45,sim,Deputado Federal (NOVO): Eleito por média,3907050,https://www.tiktok.com/@gilson.marques.novo HTTPS://WWW.FACEBOOK.COM/GILSON.MARQUES.NOVO/ https://x.com/gilson__marques,
240002535436,Glenda Gerber,Glenda Silva dos Santos Gerber,3007,Deputado federal,NOVO,Professor de Ensino Fundamental,Superior completo,38,,Deputado Federal (NOVO): Suplente,762200,https://www.facebook.com/glendinhagerber https://glendagerber.com.br/ https://www.youtube.com/@GlendaGerber,
240002535427,Jungles Wegher,Jungles Silvio Wegher,3017,Deputado federal,NOVO,Empresário,Superior incompleto,38,,,2217000,HTTPS://WWW.FACEBOOK.COM/JUNGLESWEGHER https://www.threads.net/@jungleswegher https://twitter.com/jungleswegher,
240002535426,Kaue Oliveira,Kaue Luiz de Oliveira,3049,Deputado federal,NOVO,Vereador,Superior completo,28,,,1225791,https://x.com/KaueOliveiraa1 HTTPS://WWW.INSTAGRAM.COM/KAUEOLIVEIRAA1/ HTTPS://WWW.FACEBOOK.COM/KAUE.L.DEOLIVEIRA/,
240002535430,Lucas Gotardo,Lucas Wilson Gotardo,3088,Deputado federal,NOVO,Empresário,Superior incompleto,36,,Deputado Estadual (NOVO): Suplente,560000,https://lucaswgotardo.com.br/ HTTPS://WWW.FACEBOOK.COM/LUCAS.GOTARDO https://www.youtube.com/@lucaswgotardo,
240002535433,Lucio Vanderlinde,Lucio Vanderlinde,3021,Deputado federal,NOVO,Empresário,Médio completo,42,,,200000,HTTPS://TIKTOK.COM/@LUCIOVANDERLINDE.DIREITA HTTPS://LUCIOVANDERLINDE.COM.BR https://www.youtube.com/@luciovanderlinde,
240002535424,Morgana Daniel,Morgana Costa Daniel Kindermann,3033,Deputado federal,NOVO,Jornalista e Redator,Superior completo,45,,,145000,HTTPS://WWW.FACEBOOK.COM/MORGANA.COSTADANIELKINDERMANN HTTPS://WWW.INSTAGRAM.COM/MORGANADANIEL/,
240002535421,Pamelys Barros,Pamelys de Barros,3099,Deputado federal,NOVO,Vereador,Superior completo,32,,,680000,HTTPS://WWW.INSTAGRAM.COM/PAMELYS.ADV/,
240002535437,Rafael Nogueira,Rafael Nogueira Alves Tavares da Silva,3006,Deputado federal,NOVO,Professor de Ensino Superior,Superior completo,43,,,95000,HTTPS://WWW.FACEBOOK.COM/PROFRAFAELNOGUEIRA/ HTTPS://BR.LINKEDIN.COM/IN/RAFAEL-NOGUEIRA-ALVES-TAVARES-DA-SILVA-B178A320 https://www.youtube.com/@profRafaelNogueira,
240002535423,Reitor Claudio Jacoski,Claudio Alcides Jacoski,3090,Deputado federal,NOVO,Professor de Ensino Superior,Superior completo,58,,,2127891,https://www.instagram.com/claudiojacoski https://www.facebook.com/share/1ER5qsRNY9/ https://www.linkedin.com/in/jacoski,
240002535428,Ricardo Oliveira,Ricardo Soares de Oliveira,3060,Deputado federal,NOVO,Agente Administrativo,Superior completo,54,,,1200000,HTTPS://WWW.LINKEDIN.COM/IN/RICARDO-OLIVEIRA-48229741B HTTPS://WWW.INSTAGRAM.COM/RICARDOOLIVEIRA.NOVO,
240002535429,Rodrigo Livramento,Rodrigo Livramento Araujo,3030,Deputado federal,NOVO,Vereador,Superior completo,31,,,838000,https://www.tiktok.com/@rodrigo__livramento HTTPS://WWW.FACEBOOK.COM/RODRIGO.LIVRAMENTOSC HTTPS://WWW.YOUTUBE.COM/@RODRIGOLIVRAMENTO30,
240002535431,Érico Vinicius,Érico Vinicius Pereira,3000,Deputado federal,NOVO,Vereador,Superior completo,50,,,1333000,HTTPS://BR.LINKEDIN.COM/IN/%C3%A9RICO-VINICIUS-827916314 HTTPS://X.COM/ERICODONOVO HTTPS://WWW.FACEBOOK.COM/ERICOVINICIUSDONOVO/?LOCALE=PT_BR,
240002533831,Giovana Mondardo,Giovana Vito Mondardo,6565,Deputado federal,PCDOB,Odontólogo,Superior completo,33,,Deputado Federal (PC do B): Suplente,56433,WWW.LINKEDIN.COM/IN/GIMONDARDO HTTPS://WWW.TIKTOK.COM/@GIMONDARDO?_R=1&_T=ZS-98RWVLBWMHY WWW.TWITTER.COM/MONDARDOGIOVANA,
240002533837,Jovino Gonçalves,Jovino Marques Gonçalves,6500,Deputado federal,PCDOB,Aposentado (exceto Servidor Público),Superior incompleto,73,,,220000,https://www.facebook.com/profile.php?id=61592797706942 https://www.instagram.com/jovino.goncalves65,
240002553721,Ana Paula Adão,Ana Paula Adao,2999,Deputado federal,PCO,Despachante,Superior completo,45,,,183878,https://candidatos.pco.org.br,
240002553720,Arthur Cesconetto,Arthur Cesconetto Souza,2929,Deputado federal,PCO,"Estudante, Bolsista, Estagiário e Assemelhados",Médio incompleto,24,,Deputado Estadual (PCO): Não eleito,0,https://candidatos.pco.org.br,
240002533818,Adilson da Saúde,Adilson de Souza,1245,Deputado federal,PDT,Servidor Público Municipal,Fundamental completo,55,,Deputado Federal (PDT): Não eleito,128930,https://www.tiktok.com/@adilson.souza547 https://www.facebook.com/share/1GX6AtHxdA/ HTTPS://WWW.INSTAGRAM.COM/ADILSONDESOUZA.SOUZA/,
240002533814,Advogado Marco Buzzi,Marco Antônio Buzzi,1233,Deputado federal,PDT,Advogado,Superior completo,44,,Deputado Federal (PDT): Não eleito,1878000,HTTPS://WWW.INSTAGRAM.COM/ADVOGADOMARCOBUZZI/,
240002533816,Graci da Saúde,Graciela Wiemes Ribeiro,1213,Deputado federal,PDT,Outros,Superior completo,48,,,0,HTTPS://WWW.INSTAGRAM.COM/GRACIELAWIEMES/,
240002533821,Indígena Adriana,Adriana Santos Tomazoni,1210,Deputado federal,PDT,Psicólogo,Superior completo,40,,,0,https://www.facebook.com/adriana.tomazonii HTTPS://WWW.INSTAGRAM.COM/INDIGENA.ADRIANA/,
240002533820,Ivan Marques,Enioivan Marques,1212,Deputado federal,PDT,Jornalista e Redator,Superior completo,63,,,661319,https://www.instagram.com/ivanmarquesxxe https://www.facebook.com/ivan.marques.39 HTTPS://WWW.INSTAGRAM.COM/IVANMARQUESXXE/,
240002533815,Jordana Protetora Animal,Debora Jordana Flores Sanz Miranda,1231,Deputado federal,PDT,Assistente Social,Superior completo,43,,,276000,HTTPS://WWW.INSTAGRAM.COM/JORDANASANZ/ https://www.facebook.com/share/1ByHC8FPXx,
240002533817,Reitor Anderson,Anderson Antônio Mattos Martins,1234,Deputado federal,PDT,Professor de Ensino Superior,Superior completo,60,,,189885,HTTPS://WWW.INSTAGRAM.COM/AAMMARTINS2009/ https://www.facebook.com/anderson.martins.731 https://www.instagram.com/aammartins2009,
240002533819,Rodrigo Barzotto,Rodrigo Barzotto Pereira de Souza,1230,Deputado federal,PDT,Advogado,Superior completo,47,,,903799,HTTPS://WWW.INSTAGRAM.COM/RODRIGO.BARZOTTO/ https://www.facebook.com/rodrigo.barzotto1 https://www.tiktok.com/@rodrigobarzotto,
240002539383,Angioletti Rubens,Rubens Angioletti,2299,Deputado federal,PL,Jornalista e Redator,Superior completo,55,,,380131,HTTPS://WWW.INSTAGRAM.COM/RUBENSANGIOLETTI/ HTTPS://WWW.TIKTOK.COM/@RUBENSANGIOLETTI HTTPS://WWW.FACEBOOK.COM/RUBENSANGIOLETTIITAJAI/?LOCALE=PT_BR,
240002539376,Daniel Freitas,Daniel Costa de Freitas,2211,Deputado federal,PL,Deputado,Superior completo,44,sim,Deputado Federal (PL): Eleito por média,1751890,HTTPS://WWW.INSTAGRAM.COM/DANIELCFREITAS/ https://eutocomdanielfreitas.com.br HTTPS://WWW.FACEBOOK.COM/DEPDANIELFREITAS/,
240002539382,Daniela Reinehr,Daniela Cristina Reinehr,2210,Deputado federal,PL,Deputado,Superior completo,49,sim,Deputado Federal (PL): Eleito por média,995738,https://www.danielareinehr.com.br https://www.facebook.com/danielareinehr.sc https://www.instagram.com/danielareinehr,
240002539370,Dr. Marcelo Reis,Marcelo Lemos dos Reis,2223,Deputado federal,PL,Médico,Superior completo,56,,,2178498,HTTPS://WWW.INSTAGRAM.COM/DRMARCELOREISSC/ https://www.facebook.com/people/Marcello-Lemos/61588882176231/ https://www.instagram.com/drmarceloreissc,
240002539381,Fernanda Córdova,Fernanda de Souza Cordova,2201,Deputado federal,PL,Administrador,Superior completo,44,,,672448,FACEBOOK.COM/FERNANDACORDOVASC INSTAGRAM.COM/FERNANDACORDOVASC FERNANDACORDOVASC.COM.BR,
240002539375,Fernando Cordeiro,Fernando Cordeiro dos Santos,2221,Deputado federal,PL,Vereador,Médio completo,35,,,6000,HTTPS://WWW.TIKTOK.COM/@FERNANDOCORDEIROSC HTTPS://WWW.FACEBOOK.COM/FERNANDOCORDEIROSC HTTPS://FERNANDOCORDEIROSC.COM.BR,
240002539374,Ismael dos Santos,Ismael dos Santos,2277,Deputado federal,PL,Deputado,Superior completo,61,sim,Deputado Federal (PSD): Eleito por QP,957099,HTTPS://X.COM/DEPUTADOISMAEL HTTPS://FACEBOOK.COM/DEPUTADOISMAEL WWW.TIKTOK.COM/@DEPUTADO.ISMAEL,
240002539371,Jair Bolsonaro,Jair Renan Valle Bolsonaro,2222,Deputado federal,PL,Vereador,Superior incompleto,28,,,187366,"https://www.bolsonarojr.com https://www.instagram.com/bolsonaro_jr/, WWW.BOLSONAROJR.COM",
240002539380,João Paulo Kleinübing,Joao Paulo Karam Kleinubing,2288,Deputado federal,PL,Administrador,Superior completo,53,,,2324734,HTTPS://WWW.FACEBOOK.COM/JPKLEINUBING HTTPS://WWW.INSTAGRAM.COM/JPKLEINUBING HTTPS://WWW.YOUTUBE.COM/@JPKLEINUBING,
240002539378,Julia Zanatta,Julia Pedroso Zanatta,2233,Deputado federal,PL,Advogado,Superior completo,41,sim,Deputado Federal (PL): Eleito por QP,5187180,https://www.instagram.com/zanattajuliadeputada/ https://www.tiktok.com/@juliazanattasc https://www.facebook.com/juliazanattasc,
240002539373,Juliethe Nitz,Juliethe Nitz Wandalen,2244,Deputado federal,PL,Advogado,Superior completo,44,,,1521249,HTTPS://WWW.INSTAGRAM.COM/JULIETHENITZ/,
240002539379,Manu Vieira,Manoella Vieira da Silva,2248,Deputado federal,PL,Vereador,Superior completo,44,,,304200,HTTPS://BR.LINKEDIN.COM/IN/MANOELLA-VIEIRA-622533123 https://www.retomadadobrasil.com.br https://www.threads.com/@manuvieirasc,
240002539369,Martinha Ferreira,Marta Ferreira da Luz,2202,Deputado federal,PL,Vereador,Médio completo,48,,,0,https://www.martinhaferreira.com.br https://www.instagram.com/luzmartaferreira https://www.facebook.com/martaferreiradaluz,
240002539377,Ricardo Guidi,Ricardo Zanatta Guidi,2200,Deputado federal,PL,Empresário,Superior completo,49,sim,Deputado Federal (PSD): Eleito por média,2866939,HTTPS://X.COM/RICARDOZGUIDI HTTPS://WWW.TIKTOK.COM/@RICARDOZGUIDI HTTPS://WWW.INSTAGRAM.COM/RICARDOZGUIDI,
240002539368,Sargento Lima,Carlos Henrique de Lima,2212,Deputado federal,PL,Deputado,Superior completo,54,,Deputado Estadual (PL): Eleito por QP,847023,HTTPS://WWW.INSTAGRAM.COM/DEPSARGENTOLIMA HTTPS://SARGENTOLIMA.COM.BR HTTPS://X.COM/DEPSARGENTOLIMA,
240002539372,Valdir Colatto,Valdir Colatto,2216,Deputado federal,PL,Engenheiro,Superior completo,76,,Deputado Federal (PL): Suplente,4415321,HTTPS://WWW.INSTAGRAM.COM/VALDIRCOLATTO/ https://www.youtube.com/@valdircolatto67 https://x.com/colattodeputado,sim
240002539384,Zé Trovão,Marcos Antonio Pereira Gomes,2220,Deputado federal,PL,Deputado,Médio completo,38,sim,Deputado Federal (PL): Eleito por média,210828,HTTPS://WWW.YOUTUBE.COM/@ZETROVAODEPUTADO HTTPS://WWW.TIKTOK.COM/@ZETROVAODEPUTADO HTTPS://WWW.INSTAGRAM.COM/ZETROVAODEPUTADO/,
240002538366,Bismark do Canal Hipócritas,Bismark Fabio Fugazza,2026,Deputado federal,PODE,Empresário,Superior completo,36,,,710317,HTTPS://WWW.INSTAGRAM.COM/BIBIHIPOCRITAS1?UTM_SOURCE=IG_WEB_BUTTON_SHARE_SHEET&I HTTPS://WWW.FACEBOOK.COM/BISMARKFABIOFUGAZZA.FUGAZZA,
240002538364,Cristiane Loureiro,Cristiane Marta Loureiro,2040,Deputado federal,PODE,Vereador,Superior completo,49,,,9647,https://www.instagram.com/cristianeloureiro https://www.facebook.com/cristianeloureiro.bnu https://x.com/loureirocris,
240002538367,Danilo Visconti,Danilo Visconti,2000,Deputado federal,PODE,Empresário,Superior completo,39,,,2452714,HTTPS://WWW.FACEBOOK.COM/DANILOVISCONTIOFICIAL/ https://controladoria@advlz.com.br HTTPS://X.COM/VISCONTIOFICIAL,
240002538362,Dra. Sandra,Sandra Machado de Figueiredo,2002,Deputado federal,PODE,Médico,Superior completo,55,,,119000,HTTPS://WWW.INSTAGRAM.COM/DRASANDRAMFIGUEIREDO?IGSH=B285EDVLBNNWDDFR https://www.facebook.com/sandra.figueiredo.1420 https://www.facebook.com/drasandramfigueiredo,
240002553054,Elaine Casas,Elaine Cristina Casas Floriano,2090,Deputado federal,PODE,Dona de Casa,Superior incompleto,39,,Deputado Federal (REPUBLICANOS): Não eleito,0,https://www.instagram.com/elainecasasfloriano,
240002553053,Fernando Ferreira (gêmeos),Luiz Fernando Ferreira,2080,Deputado federal,PODE,Advogado,Superior completo,32,,,295000,https://www.instagram.com/fernandoferreira.sc?igsh=ZDRyNGI1ajZ0ZXQ=,
240002538371,Gemada,Gilberto Alcebiades Pinheiro,2050,Deputado federal,PODE,Vereador,Médio completo,47,,,539133,HTTPS://WWW.INSTAGRAM.COM/VEREADORGEMADA?IGSH=DWHUBTDHM2NUNTV6,
240002538365,Ito de Souza,Ailton de Souza,2055,Deputado federal,PODE,Vereador,Médio completo,62,,,247030,HTTPS://WWW.INSTAGRAM.COM/ITODESOUZA?IGSH=MWL3ZHZRYXMWZJLSZA== HTTPS://WWW.FACEBOOK.COM/SHARE/1DU3S2UIV3/,
240002538373,Joab da Pesca,Joab Hamilton da Costa,2077,Deputado federal,PODE,Pescador,Médio completo,44,,,592591,HTTPS://WWW.INSTAGRAM.COM/JOABDAPESCA?UTM_SOURCE=IG_WEB_BUTTON_SHARE_SHEET&IGSH= HTTPS://WWW.FACEBOOK.COM/PROFILE.PHP?ID=61565495673484,
240002538361,Liliane da Frada,Liliane Freitas Lovato Tissei,2007,Deputado federal,PODE,Vereador,Superior completo,54,,,568406,HTTPS://WWW.INSTAGRAM.COM/LILIANEDAFRADA?IGSH=MXF1BZD5ATM2YTM2ZW== https://www.facebook.com/lilianedafrada/ HTTPS://WWW.FACEBOOK.COM/SHARE/1BXM1ULJDM/,
240002538374,Melissa Medeiros,Melissa do Amaral Ribeiro de Medeiros,2030,Deputado federal,PODE,Outros,Médio completo,55,,,1030000,HTTPS://WWW.INSTAGRAM.COM/MEL.MELISSA.MEDEIROS/ http://www.melissamedeiros.com.br/ https://www.instagram.com/melissamedeiros2030/,
240002538370,Nega Grazi,Graziela dos Santos,2014,Deputado federal,PODE,Outros,Médio completo,43,,Deputado Federal (UNIÃO): Suplente,56861,HTTPS://WWW.FACEBOOK.COM/SHARE/1CXUGTRAGR/ HTTPS://WWW.INSTAGRAM.COM/NEGAHAGRAZI?IGSH=MXBTDDVKDMOZBJN6,
240002538368,Paulinha,Ana Paula da Silva,2020,Deputado federal,PODE,Deputado,Superior incompleto,51,,Deputado Estadual (PODE): Eleito por QP,1030880,HTTPS://X.COM/DEP_PAULINHA HTTPS://WWW.FACEBOOK.COM/SHARE/17RFXHHE7S/ HTTPS://WWW.INSTAGRAM.COM/DEPUTADAPAULINHA?IGSH=MWTMBHPUOHF4AGNUNG==,
240002538369,Regina Guzzi,Regina Aparecida Guzzi,2021,Deputado federal,PODE,Aposentado (exceto Servidor Público),Superior completo,51,,,0,HTTPS://WWW.INSTAGRAM.COM/REGINAAGUZZI_?IGSH=MTJWCDBTBMJNZ3H3OA== HTTPS://WWW.FACEBOOK.COM/SHARE/1J5MSRNUAS/,
240002538375,Ricardo Ganem,Ricardo Costa Franco de Camargo,2010,Deputado federal,PODE,Outros,Superior completo,39,,,813840,https://www.instagram.com/ricardoganem.sc HTTPS://WWW.FACEBOOK.COM/SHARE/14JMTJGANGE/ https://www.facebook.com/ricardoganem.fibromialgia,
240002538372,Rosiney Horacio,Rosinei de Souza Horacio,2022,Deputado federal,PODE,Outros,Superior completo,52,,Deputado Federal (PODE): Não eleito,539177,HTTPS://WWW.INSTAGRAM.COM/ROSINEYHORACIO?IGSH=MTHKNG8WBMXZCXIYCA== HTTPS://WWW.FACEBOOK.COM/SHARE/1ER4ST7BMG/,
240002538363,Volmar Bosquetti,Volmar José Bosquetti,2004,Deputado federal,PODE,Empresário,Superior completo,55,,,354390,HTTPS://WWW.FACEBOOK.COM/THIAGO.DB.35?LOCALE=PT_BR HTTPS://WWW.INSTAGRAM.COM/VOLMARBOSQUETTI?IGSH=MZIXZXVJOTJVDMVP,
240002541916,André Callai,Andre Ricardo Callai,1130,Deputado federal,PP,Jornalista e Redator,Superior completo,48,,,638958,FACEBOOK: HTTPS://WWW.FACEBOOK.COM/PROFILE.PHP?ID=61573398028995 INSTAGRAM: HTTPS://INSTAGRAM.COM/CALLAIANDRE/,
240002541926,Angela Amin,Angela Regina Heinzen Amin Helou,1133,Deputado federal,PP,Aposentado (exceto Servidor Público),Superior completo,72,,Deputado Federal (PP): Não eleito,2542801,HTTPS://X.COM/ANGELAAMIN11 https://www.instagram.com/profangelaamin?igsi=MXZ3OG0ycnFucTdxZw== HTTPS://WWW.FACEBOOK.COM/ANGELAAMINOFICIAL/,
240002541929,Coronel Armando,Luiz Armando Schroeder Reis,1122,Deputado federal,PP,Membro das Forças Armadas,Superior completo,69,,Deputado Federal (PL): Suplente,481457,HTTPS://WWW.INSTAGRAM.COM/DEP.CORONEL.ARMANDO?IGSH=Z2H6BNPIBZG4MXRK HTTPS://WWW.FACEBOOK.COM/CORONEL.ARMANDO SITE: WWW.CORONELARMANDO.COM.BR,
240002541922,Jean Pirola,Jean Daniel dos Santos Pirola,1144,Deputado federal,PP,Advogado,Superior completo,48,,,285565,HTTPS://WWW.INSTAGRAM.COM/JEANPIROLA/ HTTPS://JEANPIROLA.COM.BR/BIO/ HTTPS://WWW.FACEBOOK.COM/PAGINAJEANPIROLA,
240002541923,Rose da Itoupavazinha,Rosemar Santos de Freitas,1102,Deputado federal,PP,Dona de Casa,Superior completo,51,,,31000,HTTPS://WWW.INSTAGRAM.COM/ROSEFREITAS.BLU/ HTTPS://WWW.FACEBOOK.COM/ROSE.FREITAS.7161,
240002541927,Serginho Advogado,Sergio Luiz Severino,1112,Deputado federal,PP,Advogado,Superior completo,60,,,1672345,HTTPS://WWW.INSTAGRAM.COM/SERGINHO_ADVOGADO?IGSH=MWDPYWO2DGFUAXOZMQ== HTTPS://WWW.FACEBOOK.COM/SHARE/19FQSDJFHJ/ HTTPS://WWW.FACEBOOK.COM/SHARE/1SCOJ2LAE3/,
240002551730,Simone Katswinckel,Simone Katswinckel da Silva,1172,Deputado federal,PP,Auxiliar de Escritório e Assemelhados,Superior incompleto,54,,,0,HTTPS://WWW.FACEBOOK.COM/KATSWINCKEL.SIMONE HTTPS://WWW.INSTAGRAM.COM/SIMONEKATS HTTPS://WWW.TIKTOK.COM/@SIMONEKATSWINCKEL,
240002541919,Zé Milton,Jose Milton Scheffer,1111,Deputado federal,PP,Agrônomo,Superior completo,66,,Deputado Estadual (PP): Eleito por QP,3209726,https://www.tiktok.com/@DEPUTADOZEMILTON https://www.facebook.com/deputadoZeMilton/ https://x.com/DepZeMilton,
240002551667,Alex Burnier,Alexsandro Burnier,2522,Deputado federal,PRD,Vereador,Médio completo,38,,,604000,HTTPS://WWW.INSTAGRAM.COM/ALEX_BURNIER?IGSH=DWHSD2FUZTBYBJBS HTTPS://WWW.FACEBOOK.COM/ALEXSANDRO.BURNIER?MIBEXTID=WWXIFR&RDID=X4IGNRRI8GBIJQ,
240002551672,Angel,Maria Angelita Burgel Franke,2577,Deputado federal,PRD,Empresário,Superior incompleto,47,,,475000,HTTPS://WWW.INSTAGRAM.COM/GODINHOCRICIUMA?IGSH=N3IXNHJ3C3O4BGPL,
240002551671,Carol Uber,Dinara Caroline de Oliveira,2575,Deputado federal,PRD,Outros,Fundamental completo,46,,Deputado Estadual (PATRIOTA): Não eleito,0,,
240002551668,Decio Moser,Decio Antonio Moser,2555,Deputado federal,PRD,Outros,Superior completo,82,,,500000,HTTPS://WWW.FACEBOOK.COM/DECIO.MOSER.1 HTTPS://WWW.INSTAGRAM.COM/MOSERDECIO/ https://www.facebook.com/profile.php?id=61593685505144,
240002551663,Fabiano Patriota,Fabiano da Silva,2500,Deputado federal,PRD,Empresário,Superior incompleto,50,,,0,HTTPS://WWW.FACEBOOK.COM/SHARE/1CJU1PDA3V/ HTTPS://WWW.TIKTOK.COM/@FABIANOBOLSONARO81?_R=1&_T=ZS-98QDX0VMQJM HTTPS://WWW.INSTAGRAM.COM/FABIANOBOLSONARO/,
240002551673,Guilherme Henrique,Guilherme Henrique de Oliveira,2520,Deputado federal,PRD,Engenheiro,Superior completo,38,,,151511,HTTPS://X.COM/GUIHENRIQUESC HTTPS://WWW.FACEBOOK.COM/SOUGUILHERMEHENRIQUE/ HTTPS://WWW.INSTAGRAM.COM/GUILHERMEHENRIQUE.SC/,sim
240002554036,Marcos Colares,Marcos Rogerio Colares,2510,Deputado federal,PRD,Empresário,Superior completo,61,,,459220,,
240002551664,Michelle Schwanke,Michelle Schwanke,2552,Deputado federal,PRD,Arquiteto,Superior completo,52,,Deputado Federal (PATRIOTA): Não eleito,428245,https://www.facebook.com/profile.php?id=61593968969341 HTTPS://WWW.INSTAGRAM.COM/MICHELLE.SCHWANKE.ARQUITETA?IGSH=MWZ6NJI5DGNHATQYAA==,
240002552941,Rosangela Carminatti,Rosangela Carminatti,2525,Deputado federal,PRD,"Corretor de Imóveis, Seguros, Títulos e Valores",Superior incompleto,50,,Deputado Federal (PTB): Não eleito,1000,https://www.facebook.com/RosangelaCarminatti2525 https://www.instagram.com/rosangelacarminatti?igsh=MWQ3cWVzcGh3NDU1bg== https://www.facebook.com/share/1BkkvjiBXG/,
240002551670,Vagnão do Têxtil,Vagner Braga Tebalde,2526,Deputado federal,PRD,Engenheiro,Superior completo,40,,,2070000,HTTPS://FACEBOOK.COM/VAGNER.TEBALDE HTTPS://WWW.INSTAGRAM.COM/VAGNAODOTEXTIL?IGSH=MM5ZNDHYMZE1ETC=,sim
240002543043,.alan Alves Moreira,Alan Alves Moreira,4033,Deputado federal,PSB,Escritor e Crítico,Superior incompleto,47,,,0,,
240002543042,Ana Sirino,Ana Cecilia Sirino,4040,Deputado federal,PSB,Advogado,Superior completo,45,,,664976,HTTPS://WWW.INSTAGRAM.COM/ANASIRINO40/,
240002548537,Ana Reiter,Ana Paula Reiter,5577,Deputado federal,PSD,Advogado,Superior completo,35,,,93600,HTTPS://WWW.FACEBOOK.COM/ANAREITERINDAIAL?LOCALE=PT_BR HTTPS://WWW.FACEBOOK.COM/ANAPAULA.REITER HTTPS://WWW.INSTAGRAM.COM/ANAPAULA.INDAIAL/,
240002548532,Cristiano da Proteção Animal,Cristiano Jose dos Santos,5500,Deputado federal,PSD,Empresário,Superior incompleto,46,,,322718,HTTPS://WWW.TIKTOK.COM/@CRISTIANOSANTOSBC HTTPS://WWW.FACEBOOK.COM/CRISTIANOSANTOSBC/ HTTPS://WWW.FACEBOOK.COM/CRISTIANOSANTOSBC2020,
240002548540,Deise Cardoso,Deise Daiana Xavier Cardoso,5515,Deputado federal,PSD,Advogado,Superior completo,45,,,565000,HTTPS://WWW.INSTAGRAM.COM/DEISE.SANTACATARINA/ HTTPS://WWW.FACEBOOK.COM/DEISE.SANTACATARINA,
240002548529,Edi Folle,Ediane Aparecida Folle,5533,Deputado federal,PSD,Assistente Social,Superior completo,46,,,140000,HTTPS://WWW.THREADS.COM/@EDIANEFOLLE HTTPS://WWW.INSTAGRAM.COM/EDIANEFOLLE/ HTTPS://WWW.FACEBOOK.COM/EDIANEFOLLE,
240002548541,Henrique Folster,Henrique Geraldo Folster Junior,5510,Deputado federal,PSD,Professor de Ensino Médio,Superior completo,41,,,703190,HTTPS://WWW.THREADS.COM/@FOLSTERHENRIQUE HTTPS://WWW.INSTAGRAM.COM/FOLSTERHENRIQUE HTTPS://WWW.TIKTOK.COM/@FOLSTERHENRIQUE,
240002548533,João Martins,Joao Baptista Martins Neto,5522,Deputado federal,PSD,Empresário,Médio completo,36,,,1463400,HTTPS://WWW.TIKTOK.COM/@JOAOMARTINSBRUSQUE HTTPS://WWW.TIKTOK.COM/@JOAOMARTINSBRUSQUE_ HTTPS://WWW.INSTAGRAM.COM/JOAOMARTINSBRUSQUE/,
240002548535,Julio Garcia,Julio Cesar Garcia,5511,Deputado federal,PSD,Servidor Público Estadual,Médio completo,76,,Deputado Estadual (PSD): Eleito por QP,2264190,HTTPS://WWW.INSTAGRAM.COM/JULIOGARCIASC/ HTTPS://WWW.FACEBOOK.COM/JULIOCGARCIASC,
240002548538,Pastor Ascendino Batista,Ascendino Batista Oliveira,5508,Deputado federal,PSD,Outros,Superior completo,48,,,700000,HTTPS://WWW.FACEBOOK.COM/PASTORASCENDINOBATISTA HTTPS://WWW.INSTAGRAM.COM/ASCENDINO_BATISTA/,
240002548542,Patricia Lisboa,Patricia Lisboa Santos Bissoni,5525,Deputado federal,PSD,Publicitário,Superior completo,47,,,2000,HTTPS://WWW.INSTAGRAM.COM/PATRICIALISBOAPL HTTPS://WWW.FACEBOOK.COM/PATRICIA.LISBOASANTOS,
240002548539,Raimundo Colombo,João Raimundo Colombo,5588,Deputado federal,PSD,Produtor Agropecuário,Médio incompleto,71,,Senador (PSD): Não eleito,2707284,HTTPS://WWW.FACEBOOK.COM/COLOMBORAIMUNDO/ HTTPS://BR.LINKEDIN.COM/IN/RAIMUNDO-COLOMBO HTTPS://WWW.TIKTOK.COM/@RAIMUNDOCOLOMBO,
240002548534,Silvio Alexandre Zancanaro,Silvio Alexandre Zancanaro,5555,Deputado federal,PSD,Contador,Superior completo,50,,Deputado Estadual (PSD): Suplente,2983587,,
240002548530,Terezinha Dybas,Terezinha Maria Dybas,5550,Deputado federal,PSD,Advogado,Superior completo,55,,,1497342,https://www.terezinhadybas.com.br HTTPS://WWW.INSTAGRAM.COM/TEREZINHAMARIADYBAS/ HTTPS://WWW.FACEBOOK.COM/PROFILE.PHP?ID=61551495238657,
240002548536,Trevisan,Wilson Trevisan,5580,Deputado federal,PSD,Empresário,Superior completo,69,,,1754193,HTTPS://WWW.INSTAGRAM.COM/TREVISAN_WILSON/ HTTPS://WWW.FACEBOOK.COM/TREVISAN.WILSON/,
240002548531,Vanessa Witiuk da Causa Animal,Vanessa Witiuk Ferreira,5504,Deputado federal,PSD,Veterinário,Superior completo,34,,,0,HTTPS://WWW.INSTAGRAM.COM/VANESSAWITIUK HTTPS://WWW.THREADS.COM/@VANESSAWITIUK,
240002537837,Bia Alves,Beatriz Alves,5008,Deputado federal,PSOL,Técnico de Enfermagem e Assemelhados (exceto Enfermeiro),Superior incompleto,26,,,0,HTTPS://TIKTOK.COM/BEATRIZ0AL HTTPS://INSTAGRAM.COM/BIAALVES50_ HTTPS://WWW.FACEBOOK.COM/BEATRIZALVES,
240002537831,Drag Urbana,Leonhard Bravo Seyboth,5005,Deputado federal,PSOL,Arquiteto,Superior incompleto,27,,,0,HTTPS://INSTAGRAM.COM/DRAGURBANA HTTPS://TIKTOK.COM/DRAGURBANA HTTPS://X.COM/DRAGURBANA,
240002537832,Inácio Sperber,José Inacio Sperber,5024,Deputado federal,PSOL,Professor de Ensino Fundamental,Superior completo,25,,,0,HTTPS://WWW.TIKTOK.COM/@INACIO_SPERBER?LANG=PT-BR HTTPS://WWW.FACEBOOK.COM/JOSE.INACIOSPERBER HTTPS://WWW.YOUTUBE.COM/@JOSEINACIOSPERBER8743,
240002537838,Jéssica Michels,Jessica Michels,5080,Deputado federal,PSOL,Fotógrafo e Assemelhados,Superior incompleto,35,,Deputado Estadual (PSOL): Suplente,3000,HTTPS://WWW.TIKTOK.COM/@JESSIEMICHELS HTTPS://WWW.INSTAGRAM.COM/JESSIEMICHELS/ HTTPS://JESSICAMICHELS.WORDPRESS.COM/,
240002537826,Lívia - Coletiva SC Plural,Livia Ferreira Pessoa Santos,5020,Deputado federal,PSOL,Professor de Ensino Fundamental,Superior completo,43,,,36000,HTTPS://INSTAGRAM.COM/LUTAMADRE HTTPS://INSTAGRAM.COM/SC.PLURAL HTTPS://TIKTOK.COM/SC.PLURAL,
240002537827,Mari Souza,Mariana Souza Hreisemnou,5055,Deputado federal,PSOL,Professor de Ensino Fundamental,Superior completo,33,,Deputado Federal (PSOL): Não eleito,57600,HTTPS://WWW.FACEBOOK.COM/MARISOUZALICERCE HTTPS://INSTAGRAM.COM/MARISOUZALICERCE,
240002537830,Mirê Chagas,Mirê Sanchez Chagas,5075,Deputado federal,PSOL,Assistente Social,Superior completo,32,,,0,HTTPS://WWW.TIKTOK.COM/@AMIRECHAGAS?_R=1&_T=ZS-985CAI0EEGM HTTPS://WWW.INSTAGRAM.COM/MIRECHAGASNAVOZ?IGSH=YXVMD3FNBML5Z3NQ&UTM_SOURCE=QR,
240002537841,Nandja Xokleng,Nandja Schirlei da Rocha,5040,Deputado federal,PSOL,"Estudante, Bolsista, Estagiário e Assemelhados",Superior incompleto,40,,,0,https://nandjaxokleng.com.br/ HTTPS://INSTAGRAM.COM/NANDJAXOKLENG,
240002537828,Professor Canguru,Marcos Cordeiro Bueno,5013,Deputado federal,PSOL,Professor de Ensino Fundamental,Superior completo,43,,,27935,HTTPS://TIKTOK.COM/PROFESSORCANGURU https://www.facebook.com/profmarcosbuenocanguru/ HTTPS://X.COM/PROFCANGURU,
240002537836,Professor Elson,Elson Manoel Pereira,5010,Deputado federal,PSOL,Professor de Ensino Superior,Superior completo,63,,,2980000,HTTPS://INSTAGRAM.COM/PROF.ELSONPEREIRA HTTPS://X.COM/PROF_ELSON_SC HTTPS://WWW.FACEBOOK.COM/PROF.ELSONPEREIRA,
240002537829,Samara Madureira,Samara Madureira Morais,5077,Deputado federal,PSOL,Professor de Ensino Superior,Superior completo,41,,,180000,HTTPS://X.COM/SAMARAMADUREIRA?S=11 HTTPS://WWW.INSTAGRAM.COM/SAMARAPSOL?IGSH=MTI3DNB3EDGZEMHLNG%3D%3D&UTM_SOURCE=QR HTTPS://WWW.TIKTOK.COM/@SAMARAMADUREIRAFLORIPA?_R=1&_T=ZS-98ZQWRPFWFE,
240002537834,Simone Medeiros,Simone Medeiros Martins,5018,Deputado federal,PSOL,Terapeuta,Superior incompleto,51,,,925000,HTTPS://WWW.FACEBOOK.COM/SIMONEMEDEIROS.PSOL HTTPS://T.ME/SIMONEMEDEIROSPSOL HTTPS://TIKTOK.COM/SIMONEMEDEIROS.PSOL,
240002537842,Sodré,Marcos Vinicius Sodré e Silva Silvestre,5042,Deputado federal,PSOL,Garçom,Superior incompleto,45,,Deputado Estadual (PDT): Suplente,0,HTTPS://WWW.FACEBOOK.COM/SODREFLORIPA HTTPS://INSTAGRAM.COM/SODREFLORIPA,
240002537840,Thiago Moreti - Prof. Tatuado,Thiago de Castro Moreti,5001,Deputado federal,PSOL,Professor de Ensino Fundamental,Superior completo,42,,,375000,https://docs.google.com/forms/d/e/1FAIpQLSdYIVaQo8lMWhGQCAW6LNh3HPrtvoQwmDW0ZMt7FMtyfYsY7g/viewform https://linktr.ee/professortatuado HTTPS://INSTAGRAM.COM/PROFESSOR.TATUADO,
240002537835,Valmir Braz Nena,Valmir Braz de Souza,5050,Deputado federal,PSOL,Servidor Público Civil Aposentado,Superior incompleto,64,,,188600,HTTPS://WWW.FACEBOOK.COM/VALMIRNENA.BRAZDESOUZA?LOCALE=PT_BR HTTPS://INSTAGRAM.COM/VALMIRBRAZNENA,
240002537833,Victor Gaspodini,Victor Della Giustina Gaspodini,5000,Deputado federal,PSOL,Jornalista e Redator,Superior completo,28,,Deputado Federal (PSOL): Não eleito,297254,https://www.instagram.com/victor_gaspodini https://www.tiktok.com/@victor_gaspodini https://www.facebook.com/victorgaspodini.fb,
240002533824,Ana Paula Lima,Ana Paula de Souza Lima,1313,Deputado federal,PT,Deputado,Superior completo,62,sim,Deputado Federal (PT): Eleito por QP,3173518,HTTPS://WWW.FACEBOOK.COM/ANAPAULALIMA.PT13/ HTTPS://WWW.INSTAGRAM.COM/ANAPAULALIMAPT/ HTTPS://WWW.ANAPAULALIMASC.COM.BR/CONTATO/,
240002533828,Caren Machado,Caren Silva Machado Medeiros,1340,Deputado federal,PT,Vereador,Superior completo,48,,Deputado Estadual (PSB): Não eleito,648000,https://www.carenmachado.com.br HTTPS://WWW.INSTAGRAM.COM/CARENMACHADO_ADV/ https://www.tiktok.com/@carenmachado_adv?_r=1&_t=ZS-99OicOLTusu,
240002533825,Carla Ayres,Carla Simara Luciana da Silva Ayres,1344,Deputado federal,PT,Vereador,Superior completo,38,,,108832,https://chat.whatsapp.com/It64rt2plUrEtaXdEM94Cq https://www.facebook.com/carla.ayres13 https://www.threads.com/@carla.ayres13,
240002533829,Eduardo Zanatta,Eduardo Zanatta de Carvalho,1331,Deputado federal,PT,Vereador,Superior completo,41,,,149713,HTTPS://WWW.INSTAGRAM.COM/EDUARDOZANATTABC/ HTTPS://WWW.EDUARDOZANATTA.COM.BR/ HTTPS://WWW.FACEBOOK.COM/EDUARDOZANATTABC,
240002533835,Francisco de Assis,Francisco de Assis Nunes,1304,Deputado federal,PT,Outros,Superior completo,64,,Deputado Federal (PT): Suplente,2583930,HTTPS://WWW.INSTAGRAM.COM/FRANCISCODEASSIS.PT/,
240002533836,Igor Marafigo,Igor Muniz Marafigo,1349,Deputado federal,PT,Outros,Superior incompleto,25,,,16950,,
240002533832,Jú,Jucelia Vargas Vieira,1361,Deputado federal,PT,Professor de Ensino Fundamental,Superior completo,59,,,1101000,HTTPS://WWW.INSTAGRAM.COM/JUCELIAVARGASVIEIRA/,
240002533826,Karinne Tavares,Karinne Tavares dos Santos,1300,Deputado federal,PT,Secretário e Datilógrafo,Superior incompleto,35,,,23329,,
240002533830,Kerexu,Eunice Antunes,1388,Deputado federal,PT,Professor de Ensino Médio,Superior completo,47,,Deputado Federal (PSOL): Não eleito,0,https://www.youtube.com/@kerexu_oficial HTTPS://X.COM/KEREXUOFICIAL https://kerexu.com.br,
240002533827,Lirous K Yo,Lirous K Yo Fonseca Ávila,1303,Deputado federal,PT,Assistente Social,Superior completo,43,,Deputado Federal (PT): Suplente,0,https://www.facebook.com/lkyoface https://www.instagram.com/lirouskyo https://www.instagram.com/lirousdj,
240002533838,Prof Ju Andozio,Juliana Andozio,1333,Deputado federal,PT,Pedagogo,Superior completo,45,,,0,HTTPS://WWW.INSTAGRAM.COM/JU_ANDOZIO,
240002533823,Prof. Vanessa da Rosa,Vanessa da Rosa,1326,Deputado federal,PT,Professor de Ensino Superior,Superior completo,53,,Deputado Estadual (PT): Suplente,250000,https://www.facebook.com/vanessadarosajoinville https://www.tiktok.com/@vanessadarosajoinville https://x.com/vanessarosajlle,
240002533833,Professor Pedro Uczai,Pedro Francisco Uczai,1350,Deputado federal,PT,Professor de Ensino Superior,Superior completo,63,sim,Deputado Federal (PT): Eleito por QP,1612676,HTTPS://PEDROUCZAI.COM.BR/ https://x.com/uczai https://pedrouczai.com.br/,
240002533822,Doutora Rosana,Rosana Vargas Pereira Schlichta,4321,Deputado federal,PV,Advogado,Superior completo,43,,,1820000,HTTPS://WWW.INSTAGRAM.COM/DOUTORA.ROSANA/ https://www.facebook.com/doutora.rosana http://www.drarosana4321.com.br,
240002533834,Guaraci Fagundes,Guaraci Edson Fagundes,4343,Deputado federal,PV,Outros,Médio completo,52,,2º Suplente (PV): Não eleito,0,https://www.facebook.com/BabaGuaraci http://www.guaraci4343.com.br https://www.instagram.com/guaraci.fagundes,
240002537076,Darci de Matos,Darci de Matos,1022,Deputado federal,REPUBLICANOS,Economista,Superior completo,64,,Deputado Federal (PSD): Suplente,2575616,WWW.TIKTOK.COM/@DARCI.DE.MATOS HTTPS://WWW.INSTAGRAM.COM/DEPDARCIDEMATOS?IGSH=MTDSA3NMBHJ3CWXQMA%3D%3D&UTM_SOUR HTTPS://WWW.FACEBOOK.COM/SHARE/1B3ETGED8Z/?MIBEXTID=WWXIFR,
240002537079,Egidio Beckhauser,Egidio da Rosa Beckhauser,1025,Deputado federal,REPUBLICANOS,Vereador,Superior incompleto,49,,Deputado Estadual (REPUBLICANOS): Suplente,348,HTTPS://WWW.INSTAGRAM.COM/EGIDIOBECKHAUSERSC/ HTTPS://WWW.FACEBOOK.COM/EGIDIOBECKHAUSERSC HTTPS://X.COM/BECKHAUSERSC,
240002537077,Fabricio Oliveira,Fabricio Jose Satiro de Oliveira,1000,Deputado federal,REPUBLICANOS,Empresário,Superior completo,51,,,589777,HTTPS://WWW.TIKTOK.COM/@FABRICIOOLIVEIRABC?_R=1&_T=ZS-980JA5T5J6T HTTPS://WWW.FACEBOOK.COM/SHARE/18WQLXAOYX/?MIBEXTID=WWXIFR HTTPS://X.COM/FABRICIOPREF?S=11,
240002537081,Geovania de Sá,Geovania de Sá,1077,Deputado federal,REPUBLICANOS,Deputado,Superior completo,54,,Deputado Federal (PSDB): Suplente,508391,HTTPS://WWW.TIKTOK.COM/@GEOVANIASAOFICIAL HTTPS://WWW.THREADS.COM/@GEOVANIASA HTTPS://WWW.FACEBOOK.COM/GEOVANIADESAA,
240002537085,Jorge Goetten,Jorge Goetten de Lima,1001,Deputado federal,REPUBLICANOS,Deputado,Superior completo,64,sim,Deputado Federal (PL): Eleito por QP,1105400,HTTPS://WWW.FACEBOOK.COM/JORGEGOETTENMINISTER/ HTTPS://WWW.INSTAGRAM.COM/JORGEGOETTEN,
240002537083,Juninho Mamão,Augusto Luiz Fernandes Junior,1033,Deputado federal,REPUBLICANOS,Policial Civil,Superior completo,60,,,149900,https://www.instagram.com/juninhomamao.sc HTTPS://WWW.INSTAGRAM.COM/JUNINHOMAMAO.SC?IGSH=MW14NHPIDJFHZWPZCA HTTPS://WWW.FACEBOOK.COM/SHARE/1847Q2RCTR/,
240002537080,Maria Regina de Souza Soar,Maria Regina de Souza Soar,1020,Deputado federal,REPUBLICANOS,Outros,Superior completo,55,,,486903,TIKTOK: HTTPS://WWW.TIKTOK.COM/@MARIAREGINABLUMENAU?_R=1&_T=ZS-980I3QP41JD INSTAGRAM: HTTPS://WWW.INSTAGRAM.COM/MARIAREGINABLUMENAU/ FACEBOOK: HTTPS://WWW.FACEBOOK.COM/MARIAREGINASOAR/?LOCALE=PT_BR,
240002537084,Miria Padilha,Miria de Paula Padilha,1040,Deputado federal,REPUBLICANOS,Operador de Aparelhos de Produção Industrial,Médio completo,40,,,20000,https://www.instagram.com/miriapadilhaa HTTPS://WWW.INSTAGRAM.COM/MIRIAMARCOSBARBOSA/ HTTPS://WWW.FACEBOOK.COM/MIRIAMARCOS.BARBOSA,
240002537075,Paulo Alceu,Paulo Alceu Doria Van Leeuwen,1011,Deputado federal,REPUBLICANOS,Jornalista e Redator,Superior completo,74,,,4045489,HTTPS://WWW.INSTAGRAM.COM/PAULOALCEUPERFIL/ TTPS://WWW.TIKTOK.COM/@PAULOALCEUOFICIAL?_R=1&_T=ZS-985V9JPHGII HTTPS://WWW.YOUTUBE.COM/@PAULOALCEUOFICIAL,
240002537082,Sabrina Sassá,Sabrina da Conceicao,1007,Deputado federal,REPUBLICANOS,Outros,Fundamental completo,37,,,0,HTTPS://WWW.INSTAGRAM.COM/C.SABRINADA?IGSH=B2FWAWH2DZLZYJHI HTTPS://WWW.FACEBOOK.COM/SHARE/1CNMDGYZQ4/,
240002537078,Sargento Garbila,Odair Garbila,1090,Deputado federal,REPUBLICANOS,Policial Militar,Superior completo,47,,,600000,INSTAGRAM @SARGENTOGARBILA HTTPS://WWW.INSTAGRAM.COM/SARGENTOGARBILA?IGSH=MWV0OD FACEBOOK ODAIR GARBILA HTTPS://WWW.FACEBOOK.COM/SHARE/1VQ959KSRE/?MIBEXTID=WWXIF HTTPS://WWW.INSTAGRAM.COM/SARGENTOGARBILAOFICIALL?IGSH=MWK3EHLNCMC1A2PSNA%3D%3D&,
240002537086,Vera Pinheiro,Vera do Nascimento Pinheiro Gonçalves,1010,Deputado federal,REPUBLICANOS,Vereador,Médio completo,50,,,0,HTTPS://WWW.VERAPINHEIRO.COM.BR/ HTTPS://X.COM/VERAPINHEIROSC HTTPS://WWW.FACEBOOK.COM/VERA.PINHEIRO.904,
240002538096,Zilane Nunes,Zilane Nunes de Souza Fernandes,1023,Deputado federal,REPUBLICANOS,Professor de Ensino Médio,Superior completo,43,,,50000,HTTPS://WWW.INSTAGRAM.COM/ZILANENUNES/ HTTPS://WWW.FACEBOOK.COM/ZILANE.FERNANDES/,
240002551666,Adriana Mazzucco,Adriana Mazzucco Zanelato,7707,Deputado federal,SOLIDARIEDADE,Comerciante,Fundamental incompleto,52,,,0,HTTPS://WWW.INSTAGRAM.COM/QUIOSQUE_DA.ADRI?IGSH=DNPZDTFLEGX0NM9Q HTTPS://WWW.IN,
240002552940,Engenheira Silvana Silvano,Silvana da Silva Silvano,7712,Deputado federal,SOLIDARIEDADE,Engenheiro,Superior completo,48,,,0,https://www.instagram.com/silvana40_silvano/ https://www.facebook.com/silvana.silvano,sim
240002554185,Glenda Boni,Glenda Catiussala Cabrera da Silva Boni,7767,Deputado federal,SOLIDARIEDADE,Gerente,Médio completo,37,,,0,https://www.instagram.com/boniglendaa?igsi=b3BsNWo4b3Nnb3Fx,
240002551674,Godinho,Jorge Godinho da Silva,7722,Deputado federal,SOLIDARIEDADE,Administrador,Médio incompleto,64,,,600000,HTTPS://WWW.INSTAGRAM.COM/GODINHOCRICIUMA?IGSH=N3IXNHJ3C3O4BGPL,
240002541917,Carlos Moisés,Carlos Moises da Silva,4411,Deputado federal,UNIÃO,Membro das Forças Armadas,Superior completo,59,,Governador (REPUBLICANOS): Não eleito,2497864,HTTPS://WWW.INSTAGRAM.COM/GOVERNADORMOISES?IGSH=BGRZOWZ2EJJHBNV1 HTTPS://X.COM/CARLOSMOISES HTTPS://WWW.FACEBOOK.COM/GOVERNADORMOISES,
240002541924,Derian Campos,Derian de Oliveira Campos,4467,Deputado federal,UNIÃO,Empresário,Superior completo,48,,,0,https://www.instagram.com/federal.derian4467 HTTPS://WWW.INSTAGRAM.COM/DERIAN.CAMPOS?IGSH=MXH3DNJLMWM2EJJONA== https://www.facebook.com/deriancamposoficial,
240002541921,Dra. Lisiane Anzanello,Lisiane Anzanello,4407,Deputado federal,UNIÃO,Médico,Superior completo,63,,,4420611,HTTPS://WWW.INSTAGRAM.COM/DRA_LISIANE_ANZANELLO,
240002541928,Débora Parisotto,Debora Angelica Parisotto,4410,Deputado federal,UNIÃO,Sacerdote ou Membro de Ordem ou Seita Religiosa,Superior completo,49,,Deputado Federal (PTB): Não eleito,60000,https://www.facebook.com/marcio.debora.923 https://www.kwai.com/@deboraangelica613 https://www.tiktok.com/@deboraparisotto,
240002541915,Fabio Schiochet,Fabio Luiz Schiochet Filho,4444,Deputado federal,UNIÃO,Deputado,Superior completo,38,sim,Deputado Federal (UNIÃO): Eleito por QP,985124,HTTPS://WWW.INSTAGRAM.COM/FABIOSCHIOCHET/ HTTPS://WWW.FACEBOOK.COM/FABIOSCHIOCHETOFICIAL HTTPS://WWW.FABIOSCHIOCHET.COM.BR/,
240002541920,Hortência Tierling,Hortencia Salett Muller Tierling,4477,Deputado federal,UNIÃO,Farmacêutico,Superior completo,59,,,5161858,https://www.facebook.com/hortenciasalettmullertierling https://www.hortenciamuellertierling.com.br/ https://www.facebook.com/hortencia.mullertierling,
240002541925,Jane Stefenn,Jane Stefenn,4400,Deputado federal,UNIÃO,Comerciante,Superior completo,52,,Deputado Federal (UNIÃO): Suplente,71019,HTTPS://WWW.INSTAGRAM.COM/JANESTEFENN.INTISICADA?IGSH=MWTJDZV1D3ZJEJB1ZQ==,
240002541918,Tania Larson,Tania Regina Larson,4455,Deputado federal,UNIÃO,Vereador,Superior completo,61,,Deputado Estadual (UNIÃO): Suplente,555902,HTTPS://WWW.INSTAGRAM.COM/TANIA_LARSON_SC?IGSH=ZGZ6DHZNBWDPEXB2,
240002541412,Amanda Wenceslau,Amanda Cardoso Wenceslau,8000,Deputado federal,UP,"Técnico de Obras Civis, Estradas, Saneamento e Assemelhados",Superior incompleto,24,,,28691,HTTPS://WWW.INSTAGRAM.COM/UNIDADEPOPULARSC/ HTTPS://WWW.INSTAGRAM.COM/AMANDAWENC/,
240002539586,Andre Drejan,Andre Luiz Maykot Filho,8080,Deputado federal,UP,Industrial,Médio completo,25,,,0,HTTPS://WWW.INSTAGRAM.COM/ANDRELUIZDREJAN.UP/,
240002552225,Aguinaldo Vargas,Aguinaldo Vargas de Vargas,36222,Deputado estadual,AGIR,"Corretor de Imóveis, Seguros, Títulos e Valores",Superior completo,57,,,0,https://www.instagram.com/agnaldo_artdesign?igsh=MWozZjNtbzY5Y2R0YQ==,
240002552223,Henrique Todeschini,Henrique Todeschini da Silva,36777,Deputado estadual,AGIR,Empresário,Médio completo,35,,,92500,,
240002552227,Silvana,Silvana Walger,36022,Deputado estadual,AGIR,"Corretor de Imóveis, Seguros, Títulos e Valores",Médio completo,57,,Deputado Estadual (PL): Suplente,30000,HTTPS://WWW.INSTAGRAM.COM/SILVANAWALGER_/ HTTPS://WWW.FACEBOOK.COM/SHARE/1S3PRHW85Q/,
240002551693,Alemão Goleiro,Edilberto dos Santos,70300,Deputado estadual,AVANTE,Técnico em Agronomia e Agrimensura,Médio incompleto,50,,Deputado Estadual (UNIÃO): Suplente,15000,HTTPS://WWW.INSTAGRAM.COM/EDILBERTOSANTOS.OFICIAL?IGSH=MWZOA2FUMWKYBXVNDG== HTTPS://WWW.FACEBOOK.COM/SHARE/1F2UXM6BGE/,
240002551697,Betão do Imposto,Roberto Agenor de Queiroz Sartori,70123,Deputado estadual,AVANTE,Administrador,Superior completo,40,,,0,HTTPS://WWW.FACEBOOK.COM/BETAODOIMPOST HTTPS://WWW.BETAODOIMPOSTO.COM.BR HTTPS://WWW.INSTAGRAM.COM/BETAODOIMPOSTO,
240002551694,Eleane Patriota,Eleane Carmela Raulino,70022,Deputado estadual,AVANTE,Aposentado (exceto Servidor Público),Superior completo,65,,,950000,HTTPS://WWW.INSTAGRAM.COM/ANERAULINO HTTPS://WEB.FACEBOOK.COM/ANERAULINO,
240002554410,Lucas Esmeraldino,Lucas de Souza Esmeraldino,70070,Deputado estadual,AVANTE,Odontólogo,Superior completo,43,,Deputado Federal (REPUBLICANOS): Não eleito,180000,https://www.instagram.com/lucasesmeraldino?igsi=ZWo2eHFsM2c4aXJs,
240002551700,Mamede,Hederaldo Mamede do Rosário,70777,Deputado estadual,AVANTE,"Estudante, Bolsista, Estagiário e Assemelhados",Superior incompleto,32,,,0,HTTPS://WWW.INSTAGRAM.COM/DEPUTADO_MAMEDE?IGSH=CZAYB3BSA2TXEWHS,
240002551695,Micheli de Lima,Micheli de Lima,70000,Deputado estadual,AVANTE,Comerciário,Superior incompleto,42,,,0,HTTPS://WWW.FACEBOOK.COM/SHARE/1FX8OAXH4M/ HTTPS://WWW.INSTAGRAM.COM/MICHELLI7731?UTM_SOURCE=QR&IGSH=DDZUNXDTCDRZCDNQ,
240002551696,Negão Barata,Idesio Fernandes,70888,Deputado estadual,AVANTE,Outros,Fundamental incompleto,62,,,0,HTTPS://WWW.INSTAGRAM.COM/IDESIOFER,
240002551698,Nilson José,Nilson José de Borba,70999,Deputado estadual,AVANTE,Comerciante,Fundamental incompleto,60,,,0,HTTPS://WWW.INSTAGRAM.COM/NILSONJOSEITAJAI,
240002551701,Sara Melo,Sara Ricardo de Melo Pereira,70222,Deputado estadual,AVANTE,Pedagogo,Superior completo,34,,,0,HTTPS://WWW.INSTAGRAM.COM/SAAMELO_?IGSH=MWE4MMEXDWRLNWHYDG==,
240002551699,Willian Esteves,Everson Willian Esteves Galdino,70700,Deputado estadual,AVANTE,Empresário,Fundamental completo,44,,,0,HTTPS://WWW.INSTAGRAM.COM/WILLIANESTEVES.70.SC?IGSH=MTJYYNQXDZZVEWGXMW==,
240002537087,Bruno Cunha,Bruno Horwatitsch Cunha,23123,Deputado estadual,CIDADANIA,Advogado,Superior completo,39,,,459297,HTTPS://WWW.BRUNOCUNHABLU.COM HTTPS://WWW.TIKTOK.COM/@BRUNOCUNHA BLU?_R=1&_T=ZS-98PXGWRFWL4 HTTPS://TWITTER.COM/BRUNOCUNHABLU,
240002537096,Fabi da Educação,Fabiana da Silva,23456,Deputado estadual,CIDADANIA,Dona de Casa,Superior completo,46,,,3608,HTTPS://WWW.FACEBOOK.COM/FAHIPER?LOCALE=PT_BR HTTPS://WWW.INSTAGRAM.COM/FAHIPER/,
240002537093,Mirna Rubia,Mirna Rubia da Silva Commandulli,23000,Deputado estadual,CIDADANIA,"Corretor de Imóveis, Seguros, Títulos e Valores",Superior completo,55,,,1180000,HTTPS://WWW.INSTAGRAM.COM/MIRNARUBIACOMMANDULLI/,
240002541381,Adilson Girardi,Adilson Luiz Girardi,15123,Deputado estadual,MDB,Jornalista e Redator,Superior completo,61,,Deputado Estadual (MDB): Suplente,689453,HTTPS://WWW.FACEBOOK.COM/SHARE/18RMRWY8EB/?MIBEXTID=WWXIFR HTTPS://WWW.INSTAGRAM.COM/ADILSON.GIRARDI?IGSH=MWXVDWRRZWHMAZAZAG==,
240002541384,Cris da Saude,Maria Cristina Correa Clemente,15700,Deputado estadual,MDB,Empresário,Médio completo,49,,Deputado Estadual (UNIÃO): Suplente,676500,HTTPS://WWW.INSTAGRAM.COM/CRISDASAUUDE?IGSH=MTU4YMKZZ2JPM2G1NQ%3D%3D&UTM_SOURCE=,
240002541376,Delegado Jorge Koch,Jorge Luiz Koch,15000,Deputado estadual,MDB,Servidor Público Civil Aposentado,Superior completo,69,,,1383233,HTTPS://WWW.FACEBOOK.COM/SHARE/1C2JVBAZJ6/?MIBEXTID=WWXIFR WWW.TIKTOK.COM/@JK.DELEGADO HTTPS://WWW.INSTAGRAM.COM/JORGELUIZKOCH?IGSH=A3Q4C3NWDW1ZAXNV,
240002541370,Dr Natel,Joao Natel Pollonio Machado,15055,Deputado estadual,MDB,Médico,Superior completo,66,,Deputado Estadual (PDT): Suplente,656842,HTTPS://WWW.INSTAGRAM.COM/DRNATEL?IGSH=MXJ5BMH4ODDICDH3DA== HTTPS://X.COM/JOAONATEL HTTPS://WWW.TIKTOK.COM/@JOAO.NATEL3,
240002541388,Dr.elcio,Elcio Rogerio Kuhnen,15777,Deputado estadual,MDB,Médico,Superior completo,56,,,686640,HTTPS://WWW.INSTAGRAM.COM/DR.ELCIOKUHNEN?IGSH=MWVVCJZKY2M5MZFKMQ%3D%3D&UTM_SOURC,
240002541372,Elizeu Mattos,Elizeu Mattos,15001,Deputado estadual,MDB,Economista,Superior completo,61,,,1059134,HTTPS://WWW.INSTAGRAM.COM/ELIZEUMATTOS_15?IGSH=MW9OEW8ZEWPRY3A3YW==,
240002541385,Emerson Maas,Emerson Maas,15670,Deputado estadual,MDB,Empresário,Superior completo,44,,,403000,HTTPS://WWW.INSTAGRAM.COM/EMERSONMAASOFICIAL/ HTTPS://WWW.FACEBOOK.COM/EMERSONMAASOFICIAL,
240002541374,Emerson Stein,Emerson Luciano Stein,15100,Deputado estadual,MDB,"Corretor de Imóveis, Seguros, Títulos e Valores",Médio completo,51,,Deputado Estadual (MDB): Suplente,311458,HTTPS://WWW.INSTAGRAM.COM/EMERSONSTEINPB?IGSH=NHYXN3BTZ2LUBZV6&UTM_SOURCE=QR,
240002541382,Fernando Krelling,Fernando Krelling,15655,Deputado estadual,MDB,Outros,Superior completo,44,sim,Deputado Estadual (MDB): Eleito por QP,5607152,HTTPS://WWW.TIKTOK.COM/@FERNANDO.KRELLING?_R=1&_T=ZS-98A3JMOPEQN HTTPS://X.COM/FKRELLING?S=11 HTTPS://WWW.INSTAGRAM.COM/FERNANDO.KRELLING?IGSH=NHJSCNU4N3O4NXDT&UTM_SOURCE=QR,
240002541378,Inajara Rodrigues,Inajara Rodrigues dos Santos,15180,Deputado estadual,MDB,Policial Militar,Superior completo,55,,Deputado Estadual (PSD): Suplente,1285,HTTPS://WWW.FACEBOOK.COM/SHARE/1BRRQXWDBX/ HTTPS://WWW.INSTAGRAM.COM/INAJARA1971?IGSH=DZA0BJN1YZF4ZDZ1,
240002541387,Isaura,Isaura Candida Provin,15234,Deputado estadual,MDB,Enfermeiro,Superior completo,48,,,340802,HTTPS://WWW.INSTAGRAM.COM/ISAURAPROVIN?IGSH=EGJPDXU1AM1OEWXM HTTPS://WWW.FACEBOOK.COM/SHARE/1PSVS6DBXW/,
240002541379,Jerry Comper,Jerry Edson Comper,15010,Deputado estadual,MDB,Deputado,Médio completo,51,sim,Deputado Estadual (MDB): Eleito por QP,1767992,HTTPS://WWW.JERRYCOMPER.COM.BR/ HTTPS://WWW.INSTAGRAM.COM/DEPUTADOJERRY?IGSH=MWTZYJM5NZG4EGJYYQ== HTTPS://WWW.FACEBOOK.COM/SHARE/1LFDR7TWB5/?MIBEXTID=WWXIFR,
240002541375,Josi Menestrina,Josiane Freitas Neto Menestrina,15844,Deputado estadual,MDB,Dona de Casa,Médio completo,39,,,0,HTTPS://WWW.FACEBOOK.COM/SHARE/1HI1STHIKM/?MIBEXTID=WWXIFR HTTPS://WWW.FACEBOOK.COM/SHARE/1DEWMVE2CL/ HTTPS://WWW.INSTAGRAM.COM/JOSI_MENESTRINA?IGSH=EGJ2BM12OWI0NJC0,
240002541369,João Cobalchini,Joao Luiz Augusto Cobalchini,15600,Deputado estadual,MDB,Advogado,Superior completo,41,,,172000,HTTPS://WWW.INSTAGRAM.COM/JOAOCOBALCHINI HTTPS://WWW.FACEBOOK.COM/JCOBALCHINI,
240002541390,Leatrice Bez,Leatrice Mendonca Bez de Oliveira Gomes,15104,Deputado estadual,MDB,Advogado,Superior completo,47,,,928487,https://www.leatricebez15104.com.br HTTPS://WWW.INSTAGRAM.COM/LEATRICEBEZ?IGSH=CWDSNMOYOXV2MM83&UTM_SOURCE=QR HTTPS://X.COM/LEATRICEBEZ?S=11,
240002541371,Luciane Cooper,Luciane Gomes de Lima Cooper,15715,Deputado estadual,MDB,Representante Comercial,Médio completo,55,,,350000,HTTPS://WWW.INSTAGRAM.COM/LUCIANE.COOPER?IGSH=D2W4M2G4MG1QODJS,
240002541394,Marcos Both,Marcos Rafael Piacentini Both,15115,Deputado estadual,MDB,Advogado,Superior completo,36,,,644313,WW.MARCOSBOTH.COM.BR HTTPS://WWW.INSTAGRAM.COM/MARCOSBOTH_/ HTTPS://WWW.FACEBOOK.COM/MARCOSBOTH15115,
240002541389,Marinêz dos Idosos,Marinez Casagrande,15215,Deputado estadual,MDB,Técnico de Enfermagem e Assemelhados (exceto Enfermeiro),Superior incompleto,61,,,870000,,
240002541377,Mauro de Nadal,Mauro de Nadal,15220,Deputado estadual,MDB,Advogado,Superior completo,54,sim,Deputado Estadual (MDB): Eleito por QP,3745849,HTTPS://WWW.FACEBOOK.COM/MAURODENADAL HTTPS://WWW.TIKTOK.COM/@MAURODENADALOFICIAL HTTPS://WWW.MAURODENADAL.COM.BR,
240002541383,Monica Borges,Monica Silva,15111,Deputado estadual,MDB,Vendedor de Comércio Varejista e Atacadista,Superior incompleto,50,,,390000,HTTPS://WWW.INSTAGRAM.COM/MMONSIL40_?IGSH=ZTHQMDU1MG00EHFQ https://www.facebook.com/profile.php?id=61594520900538,
240002541386,Paulo Coelho,Paulo Coelho,15077,Deputado estadual,MDB,Escultor e Pintor,Fundamental incompleto,62,,,0,HTTPS://WWW.INSTAGRAM.COM/PAULOCOELHOSC?IGSH=MTK5CZM4NG1UCHNQEG==,
240002541391,Sirlei Muller,Sirlei Teresinha Muller,15555,Deputado estadual,MDB,Representante Comercial,Médio completo,54,,,0,HTTPS://WWW.FACEBOOK.COM/SHARE/1CKXFSGOV3/ HTTPS://WWW.INSTAGRAM.COM/SIRLEIMULLER15?IGSH=MWG0DXLND2PMEMVTEG== TIKTOK.COM/@SIRLEITMULLER,
240002541393,Tiago Zilli,Tiago Zilli,15789,Deputado estadual,MDB,Deputado,Superior completo,58,sim,Deputado Estadual (MDB): Eleito por média,249595,HTTPS://WWW.FACEBOOK.COM/TIAGOZILLIOFICIAL HTTPS://WWW.INSTAGRAM.COM/TIAGOZILLI_?IGSH=MTHJCMVXNNG5MZA2OQ==,
240002541392,Tulio Veterinario,Túlio Tavares Santos,15022,Deputado estadual,MDB,Veterinário,Superior completo,66,,,1067058,https://www.facebook.com/share/1DaP57RRXx/?mibextid=wwXIfr https://www.instagram.com/tulio_veterinario https://www.tiktok.com/@tulioveterinario,
240002541373,Tuta,Vilmar Astrogildo Tuta de Souza,15015,Deputado estadual,MDB,Servidor Público Civil Aposentado,Superior incompleto,65,,,2515000,HTTPS://WWW.FACEBOOK.COM/TUTA.SOUZA.948 HTTPS://WWW.INSTAGRAM.COM/TUTASOUZA_?IGSH=MWH2OTBXMMHLYJUXAQ==,
240002543542,A a Margareth Pratts da Missão,Margareth Hach Pratts,14000,Deputado estadual,MISSÃO,Policial Militar,Superior completo,61,,Deputado Estadual (UNIÃO): Suplente,2221000,https://www.facebook.com/profile.php?id=100082541387606 https://www.facebook.com/profile.php?id=100082577655584 https://instagram.com/margarethpratts,
240002543550,Ademir Lima,Ademir Lima dos Anjos,14500,Deputado estadual,MISSÃO,Outros,Médio completo,41,,,515000,https://www.facebook.com/share/19VymrCYyi/ https://tiktok.com/@ademir.lima.dos.a https://www.instagram.com/ademir.anjos_ademir?utm_source=qr&stkn=MWl4NWFkczZzZm-phaA==,
240002543539,Byanca Dolzan,Byanca Aparecida Mendes Dolzan Moritz,14141,Deputado estadual,MISSÃO,Dona de Casa,Superior completo,53,,,6174996,https://www.facebook.com/share/19YoS71jxJ/?mibextid=wwXIfr https://www.instagram.com/dolzanbyanca?igsh=MWNzbnBxMn-FkYzB3ag%3D%3D&igsi=MWNzbnBxMnFkYzB3ag%3D%3D& https://x.com/by_dzn?s=11&t=_CDVqackjyWyMqDx639SQQ,
240002554309,Carlos Antunes,Carlos Daurição Antunes,14040,Deputado estadual,MISSÃO,Membro das Forças Armadas,Médio completo,31,,,0,https://www.instagram.com/carlosdauricao?igsi=cHBkYWN3aGRkbjA%3D&utm_source=qr https://youtube.com/@carlosdantunes?si=n5Pb-vMITm9CSeLU https://www.facebook.com/share/1Bc6SjB7Hq/?mibextid=wwXIfr,
240002543554,Carol Formigoni,Caroline Formigoni Alves,14014,Deputado estadual,MISSÃO,Técnico de Enfermagem e Assemelhados (exceto Enfermeiro),Superior completo,25,,,189000,https://x.com/caformigoni https://www.facebook.com/profile.php?id=61593642142266 https://www.tiktok.com/search?q=carol%20formigoni&t=1785005937290,
240002543553,Gabriel Oliveira,Gabriel Felipe de Oliveira,14140,Deputado estadual,MISSÃO,Motorista Particular,Médio completo,29,,,0,https://www.instagram.com/gabrieloliveiram-bl?igsi=MW85eWJvMm9rbDQ4bg%3D%3D&utm_source=qr https://www.tiktok.com/@gabrieloliveira_sc?_r=1&_t=ZS-99RGeaRS96V https://k.kwai.com/u/@Gabrieloliveira_sc/8Cj2x6ex,
240002543544,Jairo,Jairo Fortunato,14999,Deputado estadual,MISSÃO,Administrador,Superior incompleto,27,,,155260,https://x.com/jayfortunato3 JAIRO99X https://linkedin.com/in/jairofortunato,
240002543547,Léo Lamera,Leonardo Lopes dos Santos,14444,Deputado estadual,MISSÃO,Empresário,Médio completo,29,,,68146,https://instagram.com/leolamerabr,
240002543545,Marco a Benedet Périco,Marco Antônio Benedet Périco,14144,Deputado estadual,MISSÃO,Empresário,Superior completo,43,,,500,https://tiktok.com/@marcodosuldomundo https://www.facebook.com/marcoantonio.benedetperico/ https://www.youtube.com/@DireitadoSuldoMundo,
240002543549,Mauricio Correa,Mauricio de Almeida Correa,14077,Deputado estadual,MISSÃO,Gerente,Superior incompleto,22,,,0,https://www.instagram.com/correasc14,
240002543546,Maurício Couto,Maurício Souza Couto,14555,Deputado estadual,MISSÃO,Advogado,Superior completo,31,,,0,https://www.facebook.com/mauricio.couto.583 https://www.instagram.com/mauriciocoutoadv https://www.instagram.com/mauricio.scouto,
240002543540,Nilson Vicenti,Nilson Vicenti,14100,Deputado estadual,MISSÃO,Empresário,Fundamental completo,47,,,0,https://www.instagram.com/nilson.vicenti,
240002543543,Orlei Correia,Orlei Correia,14123,Deputado estadual,MISSÃO,Advogado,Superior completo,44,,,0,https://www.instagram.com/orleicandidato https://www.youtube.com/@orleicorreia-candidato https://www.facebook.com/orleicandidato,
240002543548,Ricardo Becker,Ricardo Becker,14777,Deputado estadual,MISSÃO,Engenheiro,Superior completo,44,,,1451625,https://www.instagram.com/ricardobecker14777 https://x.com/ricardobec31758 https://www.facebook.com/share/19TXpLxph3/,sim
240002543541,Yolanda Silva,Yolanda Cargnin da Silva,14111,Deputado estadual,MISSÃO,Jornalista e Redator,Superior incompleto,32,,,9000,https://www.tiktok.com/@yolandasilva_sc https://www.facebook.com/yolandasilva.sc https://www.instagram.com/yolandasilva_sc,
240002535457,Bernadete Souza,Maria Bernadete de Souza,30003,Deputado estadual,NOVO,Empresário,Superior incompleto,62,,,1300000,HTTPS://WWW.FACEBOOK.COM/MARIA.BERNADETE.SOUZA.2025 HTTPS://WWW.INSTAGRAM.COM/BERNADETESOUZA.SC https://www.tiktok.com/@bernadetesouza.sc,
240002535474,Carla Corrêa,Carla Danielle Corrêa,30227,Deputado estadual,NOVO,Representante Comercial,Médio completo,53,,,0,HTTPS://WWW.INSTAGRAM.COM/CARLADANIELLECORREA?IGSH=MW91YWD4YXVWENDSDQ%3D%3D&UTM_ HTTPS://WWW.FACEBOOK.COM/PROFILE.PHP?ID=61565794688806,
240002535443,Carlos Otto,Carlos Eduardo Otto,30111,Deputado estadual,NOVO,Advogado,Superior completo,43,,,1290000,HTTPS://WWW.INSTAGRAM.COM/NOVOPORTOUNIAO,
240002535440,Carol Matos,Caroline Simão Matos,30567,Deputado estadual,NOVO,Empresário,Superior incompleto,36,,,0,https://www.instagram.com/carolmatos_ap,
240002535467,Ciliane Augustin,Ciliane Raquel Wille Augustin,30130,Deputado estadual,NOVO,Empresário,Superior completo,61,,,1964000,HTTPS://WWW.TIKTOK.COM/@CIWE2208 HTTPS://WWW.INSTAGRAM.COM/CILIANE_W_AUGUSTIN,
240002535439,Cris Milli,Cristianne Milli da Silva,30180,Deputado estadual,NOVO,Cabeleireiro e Barbeiro,Superior incompleto,53,,,0,HTTPS://WWW.INSTAGRAM.COM/CRISMILLI_?IGSH=BHOXZMXXY2NQBNZM&UTM_SOURCE=QR HTTPS://WWW.TIKTOK.COM/@CRISMILLI_?_R=1&_T=ZS-97PPRVQHHP1 HTTPS://WWW.FACEBOOK.COM/SHARE/1EE8USK4SR/?MIBEXTID=WWXIFR,
240002535468,Cryslan,Cryslan Jorjan de Moraes,30500,Deputado estadual,NOVO,Administrador,Superior completo,29,,,270555,HTTPS://CRYSLAN.COM.BR/ https://twitter.com/cryslan HTTPS://WWW.INSTAGRAM.COM/CRYSLAN,
240002535471,César Damiani,César Damiani,30789,Deputado estadual,NOVO,Empresário,Superior incompleto,76,,,1300000,https://www.instagram.com/cesardamianioficial/,
240002535442,Ely Silveira,Ely Edson Silveira Melo Filho,30777,Deputado estadual,NOVO,Advogado,Superior completo,38,,,665000,https://www.threads.net/@elysilveira HTTPS://WWW.FACEBOOK.COM/ELYSILVEIRA https://www.facebook.com/elysilveira.sc,
240002535455,Gilson Ciconet,Gilson Joel Ciconet,30033,Deputado estadual,NOVO,Agrônomo,Superior completo,34,,,1287000,HTTPS://WWW.LINKEDIN.COM/IN/GILSON-CICONET-692897153?UTM_SOURCE=SHARE_VIA&UTM_CO HTTPS://WWW.INSTAGRAM.COM/GILSONCICONET?IGSH=ZTA1BNJ1C2DJATFL&UTM_SOURCE=QR,
240002535451,Guilherme Martins,Guilherme Martins Passos,30190,Deputado estadual,NOVO,Empresário,Superior completo,31,,,0,https://www.instagram.com/guilhermemartins.sc/,
240002535453,Isadora Piana,Isadora Romanatto Piana,30900,Deputado estadual,NOVO,Outros,Superior completo,27,,Deputado Estadual (NOVO): Suplente,91312,https://www.instagram.com/meupaisantacatarina HTTPS://WWW.INSTAGRAM.COM/ISADORAPIANA.SC/ https://x.com/isadorapiana,
240002535446,Jairo Teixeira,Jairo Antônio Teixeira,30200,Deputado estadual,NOVO,Empresário,Médio incompleto,65,,,316000,HTTPS://WWW.INSTAGRAM.COM/JAIRONAAREA HTTPS://JAIROTEIXEIRA.LIFE HTTPS://WWW.TIKTOK.COM/@JAIRONAAREA?_R=1&_T=ZS-983GUSG9SL3,
240002535469,Julio Bolfe,Julio Strate Bolfe,30021,Deputado estadual,NOVO,Administrador,Superior completo,38,,,1087564,HTTPS://WWW.INSTAGRAM.COM/JULIOBOLFE HTTPS://WWW.FACEBOOK.COM/JULIOBOLFE HTTPS://WWW.JULIOBOLFE.COM.BR,
240002535447,Júlia Ilha,Júlia Ruschel de Oliveira Ilha Jiquiriçá,30321,Deputado estadual,NOVO,Administrador,Superior completo,41,,,3074000,HTTPS://JULIAILHA.RF.GD HTTPS://WWW.INSTAGRAM.COM/JULIAILHAA/,
240002535456,Lizandra Dadam,Lizandra Dadam,30123,Deputado estadual,NOVO,Farmacêutico,Superior completo,46,,,218000,HTTPS://WWW.INSTAGRAM.COM/LIZANDRADADAM HTTPS://WWW.FACEBOOK.COM/LIZANDRADADAM HTTPS://WWW.LINKEDIN.COM/IN/LIZANDRA.DADAM,
240002535466,Lucas Jean,Lucas Jean Slonczewski,30700,Deputado estadual,NOVO,Advogado,Superior completo,30,,,500000,HTTPS://LUCASJEAN.COM.BR/ https://www.facebook.com/profile.php HTTPS://WWW.INSTAGRAM.COM/LUCASJEAN.SC/,
240002535463,Luciano Pereira,Luciano Pereira,30030,Deputado estadual,NOVO,Agente de Saúde e Sanitarista,Superior completo,55,,Deputado Federal (UNIÃO): Suplente,380000,https://lucianopereiraph.com.br https://www.facebook.com/lucianopereirasc HTTPS://INSTAGRAM.COM/LUCIANOPEREIRAPH,
240002535458,Maria Barros,Maria Aparecida Telles de Barros,30128,Deputado estadual,NOVO,Secretário e Datilógrafo,Superior completo,59,,,450000,HTTPS://WWW.FACEBOOK.COM/HTTPS://SHARE/1DWQMVFH8K/ https://www.instagram.com/mariabarros__2008 HTTPS://WWW.INSTAGRAM.COM/HTTPS://DOCERIAPYRRHO?UTM_SOURCE=QR&IGSH=AHBWEMJOD2FWN,
240002535459,Mario Felippi,Mario Cesar Felippi Filho,30007,Deputado estadual,NOVO,Professor de Ensino Superior,Superior completo,42,,,595000,HTTPS://WWW.INSTAGRAM.COM/MARIOFELIPPI HTTPS://MARIOFELIPPI.COM.BR HTTPS://WWW.FACEBOOK.COM/MARIOFELIPPI,
240002535461,Matheus Cadorin,Matheus Andreis Cadorin,30000,Deputado estadual,NOVO,Deputado,Superior completo,45,sim,Deputado Estadual (NOVO): Eleito por QP,900000,HTTPS://X.COM/MATHEUSCADORIN https://www.tiktok.com/@cadorin.matheus https://www.linkedin.com/in/matheuscadorin,
240002535473,Matheus Testa,Matheus Luiz Cerioli Testa,30221,Deputado estadual,NOVO,Agrônomo,Superior completo,36,,,947166,HTTPS://WWW.FACEBOOK.COM/MATHEUSTESTASC https://www.linkedin.com/in/matheustestasc HTTPS://WWW.INSTAGRAM.COM/MATHEUSTESTASC,
240002535448,Michele Marques,Michele Marques Silva Scotti,30600,Deputado estadual,NOVO,Advogado,Superior completo,36,,,740475,HTTPS://WWW.YOUTUBE.COM/@MICHELEMARQUES.OFICIAL https://twitter.com/@MicheleMarxsc https://www.tiktok.com/@michelemarques.sc,
240002535460,Neto Petters do Novo,Italmar Jose Petters Neto,30456,Deputado estadual,NOVO,Contador,Superior completo,40,,,533300,HTTPS://WWW.FACEBOOK.COM/NETOPETTERS HTTPS://TWITTER.COM/PETTERSNETO HTTPS://WWW.TIKTOK.COM/@NETO.PETTERS,
240002535452,Odair Tramontin,Odair Tramontin,30300,Deputado estadual,NOVO,Professor de Ensino Superior,Superior completo,64,,Governador (NOVO): Não eleito,14681572,https://x.com/odairtramontin HTTPS://WWW.INSTAGRAM.COM/ODAIRTRAMONTIN/ HTTPS://WWW.FACEBOOK.COM/ODAIRTRAMONTIN,
240002535464,Prof Norma Rodrigues,Norma Rodrigues dos Santos,30050,Deputado estadual,NOVO,Professor de Ensino Fundamental,Superior completo,52,,,0,HTTPS://WWW.FACEBOOK.COM/NORMA.RODRIGUES.5205 HTTPS://WWW.INSTAGRAM.COM/NORMA_RODRIGUES0574,
240002535472,Ramon Tartari,Ramon Tartari,30147,Deputado estadual,NOVO,Biomédico,Superior completo,53,,,1653503,HTTPS://WWW.INSTAGRAM.COM/RAMONTARTARI HTTPS://WWW.FACEBOOK.COM/RAMON.TARTARI.7,
240002535465,Renata Ferreira,Renata Vieira Ferreira,30220,Deputado estadual,NOVO,Decorador,Médio completo,39,,,300000,HTTPS://WWW.FACEBOOK.COM/RENATAFERREIRA HTTPS://WWW.INSTAGRAM.COM/RENATAFERREIRA_GBA HTTPS://WWW.INSTAGRAM.COM/RE_VIEIRA_HIPISMO,
240002535450,Rick Zanata,Ricardo Gianesini,30222,Deputado estadual,NOVO,Vereador,Médio completo,42,,,36900,HTTPS://WWW.INSTAGRAM.COM/RICKZANATA.BQ,
240002535444,Roberto Pereira,Roberto Chaves Pereira,30999,Deputado estadual,NOVO,Empresário,Superior incompleto,64,,,4960000,HTTPS://WWW.ROBERTOPEREIRA.NET.BR HTTPS://WWW.FACEBOOK.COM/ROBERTOPEREIRA HTTPS://WWW.INSTAGRAM.COM/ROBERTO.CPEREIRA,
240002535441,Robson Calixto,Robson Calixto dos Reis,30555,Deputado estadual,NOVO,Empresário,Superior completo,53,,,1030000,HTTPS://WWW.TIKTOK.COM/@ROBSON_CALIXTO HTTPS://WWW.FACEBOOK.COM/ROBSON.CALIXTO.953782?MIBEXTID=WWXIFR&RDID=B7TR5BKYRNWV HTTPS://WWW.INSTAGRAM.COM/DA_CAPITAL_PARA_O_INTERIOR?IGSH=ANN5A2OXBGLZCNHV,
240002535438,Rogerio Souza,Rogerio Nunes de Souza,30100,Deputado estadual,NOVO,Advogado,Superior completo,57,,,2436000,HTTPS://WWW.INSTAGRAM.COM/REVSOUZA01?IGSH=MWWZA2TTAZNOEXFICW== HTTPS://TOLERANCIAZEROOFICIAL.COM.BR/ HTTPS://WWW.INSTAGRAM.COM/REVSOUZA02?IGSH=MTYZZZRQZHVXMM13DQ%3D%3D&UTM_SOURCE=QR,
240002535445,Tatiane Santana,Tatiane Buhler Sant Ana,30800,Deputado estadual,NOVO,Empresário,Médio completo,51,,,30000,HTTPS://WWW.INSTAGRAM.COM/TATIANE_B_SANTANA?IGSH=CHVKBMT1BNY1BMZQ HTTPS://KWAI-VIDEO.COM/TATIANESANTANA531 HTTPS://VT.TIKTOK.COM/ZSCKRU91A/,
240002535470,Thayse Helena,Thayse Helena Domingos de Souza,30707,Deputado estadual,NOVO,Empresário,Superior completo,37,,,65000,HTTPS://WWW.INSTAGRAM.COM/THAYSE_TUBARAO_SC,
240002535454,Tita Almeida,João Batista Ramos de Almeida,30001,Deputado estadual,NOVO,Agricultor,Superior incompleto,51,,,6000000,HTTPS://WWW.INSTAGRAM.COM/TITACN,
240002535462,Vinicius Borges,Vinicius Nuernberg Borges,30333,Deputado estadual,NOVO,Veterinário,Superior completo,40,,,175000,https://viniciusborges30333.com https://www.threads.com/@viniciusnovolages HTTPS://WWW.FACEBOOK.COM/VINICIUSNOVOLAGES,
240002535449,Wilson Cidrão,Wilson Junior Cidrão,30022,Deputado estadual,NOVO,Advogado,Superior completo,26,,Deputado Estadual (PATRIOTA): Não eleito,406958,https://www.youtube.com/@wilcidrao HTTPS://WWW.INSTAGRAM.COM/WILCIDRAO https://www.tiktok.com/@wilcidrao,
240002540095,Larissa Stephanie,Larissa Stephanie Pereira,65180,Deputado estadual,PCDOB,"Estudante, Bolsista, Estagiário e Assemelhados",Superior completo,25,,Deputado Estadual (PC do B): Suplente,42239,HTTPS://WWW.INSTAGRAM.COM/LARISTEPHANIE65/,
240002540078,Paulinho da Silva,Paulinho da Silva,65500,Deputado estadual,PCDOB,Advogado,Superior completo,56,,,2999855,HTTPS://PAULINHODASILVA.COM.BR/ HTTPS://WWW.FACEBOOK.COM/SHARE/1F61LXWSEK/ HTTPS://WWW.INSTAGRAM.COM/PAULINHODASILVAADVOGADO,
240002533289,A Júlia da Causa Animal,Júlia dos Santos Opuski de Almeida,12022,Deputado estadual,PDT,Outros,Superior completo,36,,,0,HTTPS://WWW.INSTAGRAM.COM/JULIAOPUSKI/,
240002533284,Alexandre Caminha,Alexandre Pereira Caminha,12222,Deputado estadual,PDT,Empresário,Superior completo,51,,,7000,https://caminhadeputado.com.br HTTPS://WWW.INSTAGRAM.COM/ALEXANDRE.CAMINHA/,
240002533303,Ana Liz,Ana Maris de Liz,12777,Deputado estadual,PDT,"Corretor de Imóveis, Seguros, Títulos e Valores",Superior incompleto,49,,,639100,https://www.tiktok.com/@analizoficial.sc https://www.facebook.com/analizoficial.sc/ HTTPS://WWW.INSTAGRAM.COM/ANALIZOFICIAL.SC/,
240002533285,André Guesser,André Guesser,12456,Deputado estadual,PDT,Jornalista e Redator,Superior completo,48,,Deputado Estadual (PDT): Suplente,212500,https://www.youtube.com/@vereadorandreguesser HTTPS://WWW.INSTAGRAM.COM/ANDREGUESSER/ https://vereador.andreguesser.com.br/,
240002533288,André Xavier,André Xavier Alves,12121,Deputado estadual,PDT,Advogado,Superior completo,38,,,0,https://www.linkedin.com/in/andresustentavel/ HTTPS://WWW.INSTAGRAM.COM/ANDRE.SUSTENTAVEL/ https://www.facebook.com/alves.sustentavel/,
240002533300,Carlos Castro,Carlos Roberto de Castro,12055,Deputado estadual,PDT,Jornalista e Redator,Superior incompleto,55,,,175000,https://www.facebook.com/revival.castro.2025 https://www.facebook.com/castrodireito https://www.facebook.com/people/Carlos-Castro/100011575997371/,
240002533304,Carol da Rocha,Caroline Fernandes da Rocha,12333,Deputado estadual,PDT,Outros,Médio completo,33,,,0,HTTPS://WWW.INSTAGRAM.COM/CAROLLDAROCHA/,
240002533277,Ciça Müller,Dagmar Clarissa Basseggio Muller,12012,Deputado estadual,PDT,Vereador,Superior completo,56,,Deputado Estadual (PDT): Suplente,1649422,https://www.tiktok.com/@cica.muller/ https://br.linkedin.com/in/ciça-müller https://www.facebook.com/cicamullerpre/,
240002533274,Dorlei,Dorlei João Antunes,12678,Deputado estadual,PDT,Músico,Superior completo,61,,Deputado Estadual (PDT): Suplente,380000,https://www.facebook.com/share/1D9qVLTAvM/ HTTPS://WWW.INSTAGRAM.COM/DORLEIANTUNES/ https://www.instagram.com/dorleiantunes/,
240002533275,Dr. Anibal Dario,Anibal José Sieber Dario,12999,Deputado estadual,PDT,Médico,Superior completo,56,,,784913,https://www.facebook.com/61593347261380/ https://www.facebook.com/profile.php?id=61593410494506 HTTPS://WWW.INSTAGRAM.COM/DR.ANIBALDARIO/,
240002533276,Eliane Araújo,Eliane de Araújo Silva,12444,Deputado estadual,PDT,Outros,Superior incompleto,57,,,250000,HTTPS://WWW.INSTAGRAM.COM/LIA.AXE_ELIANEARAUJO/ https://www.facebook.com/eliane.araujo.31924 https://www.facebook.com/yalorixaeliane,
240002533287,Gui Pereira,Guilherme Pereira de Paulo,12100,Deputado estadual,PDT,Vereador,Médio completo,50,,,997420,HTTPS://WWW.INSTAGRAM.COM/GUIPEREIRASC/,
240002533286,Haneron,Haneron Victor Marcos,12200,Deputado estadual,PDT,Servidor Público Estadual,Superior completo,48,,,1928000,HTTPS://WWW.INSTAGRAM.COM/HANERONMARCOS/,
240002533282,Hilda Deola,Hilda Carolina Deola,12000,Deputado estadual,PDT,Vereador,Superior completo,62,,Senador (PDT): Não eleito,7821,HTTPS://WWW.INSTAGRAM.COM/HILDADEOLA/,
240002533280,Janete Krueger,Janete Sueli Krueger,12102,Deputado estadual,PDT,Arquiteto,Superior completo,50,,,58796,https://www.facebook.com/share/196tA4bMKg/ HTTPS://WWW.INSTAGRAM.COM/JANETE.KRUEGER/,
240002533298,Jefinho Chupel,Jeferson Chupel,12001,Deputado estadual,PDT,Técnico em Agronomia e Agrimensura,Superior incompleto,35,,,145104,https://www.tiktok.com/@jefinho.chupel https://www.facebook.com/share/14qmBb9kx4d/ HTTPS://WWW.INSTAGRAM.COM/JEFINHOCHUPEL/,
240002533299,José Carlos,José Carlos Jantsch,12321,Deputado estadual,PDT,Empresário,Fundamental completo,68,,,70000,https://www.facebook.com/share/1E2m7Y2wg8/ https://www.instagram.com/josecarlosjantsch HTTPS://WWW.INSTAGRAM.COM/TVNAVEGAONLINE/,
240002533306,João Roque,João Maria Roque,12320,Deputado estadual,PDT,Outros,Médio completo,54,,,1157000,https://www.facebook.com/share/1A3NFw3Wjs/ HTTPS://WWW.INSTAGRAM.COM/JOAO.ROQUE15/,
240002536965,Juliano da Emuvi,Juliano Batista de Lima,12400,Deputado estadual,PDT,Empresário,Superior completo,44,,,547407,https://www.facebook.com/people/Juliano-Lima/61563626548232/ HTTPS://WWW.INSTAGRAM.COM/JULIANO._LIMA/,
240002533291,Juninho,José Carlos Silva Júnior,12095,Deputado estadual,PDT,Advogado,Superior completo,37,,,92741,HTTPS://WWW.INSTAGRAM.COM/JOSECARLOSSILVAJR.ADV/,
240002533307,Junior do Esporte,Adalberto dos Santos Júnior,12220,Deputado estadual,PDT,Outros,Médio incompleto,57,,,1600000,https://www.facebook.com/profile.php?id=61592501494392 HTTPS://WWW.INSTAGRAM.COM/ADALBERTO_VJUNIOR/ https://www.facebook.com/share/1FNZbHLTtz/,
240002533302,Lu Dias,Lucinéia Aparecida Dias Rodrigues,12300,Deputado estadual,PDT,Outros,Superior completo,43,,,63898,https://www.instagram.com/ludias2107 https://www.facebook.com/share/1AgbqmENzx/ HTTPS://WWW.INSTAGRAM.COM/LUDIAS2107/,
240002533279,Luciano Buligon,Luciano José Buligon,12123,Deputado estadual,PDT,Advogado,Superior completo,56,,Deputado Estadual (REPUBLICANOS): Suplente,859935,HTTPS://WWW.INSTAGRAM.COM/LUCIANOBULIGON/ https://www.facebook.com/lucianobuligon https://www.instagram.com/lucianobuligon,
240002533296,Magno Júnior,Carlos Magno da Cruz Junior,12191,Deputado estadual,PDT,Servidor Público Federal,Superior completo,51,,,1100000,https://www.facebook.com/CMagnoJr https://www.tiktok.com/magno.junior12191 https://www.instagram.com/magnojunior_sc,
240002533295,Mariana Franco,Mariana Franco Fuckner,12180,Deputado estadual,PDT,Assistente Social,Superior completo,39,,,40000,HTTPS://WWW.INSTAGRAM.COM/MARIANAFRANCOSC/ https://www.facebook.com/share/1Czk7iXaWe/ https://www.facebook.com/share/1EvGkmQPiQ/,
240002533301,Prof. Evandro Accadrolli,Evandro Accadrolli,12640,Deputado estadual,PDT,Servidor Público Estadual,Superior completo,52,,,200000,https://professorevandro.com,
240002533281,Prof. Fabricio,Fabrício Dalcastagné,12500,Deputado estadual,PDT,Vereador,Superior completo,47,,,214148,https://www.facebook.com/share/1Eifok3xaW/ https://www.instagram.com/fabriciodalcastagne https://www.facebook.com/profile.php?id=100063759587561,
240002533292,Pupo Junckes,Evaldo João Junckes,12280,Deputado estadual,PDT,Representante Comercial,Superior incompleto,66,,Deputado Federal (PSC): Não eleito,180000,,
240002533297,Rita Lang,Rita de Cássia Lang,12282,Deputado estadual,PDT,Professor de Ensino Superior,Superior completo,59,,,1106500,https://www.threads.net/@ritacassialang https://www.facebook.com/ritacassialang https://www.tiktok.com/@ritacassialang,
240002533278,Rodrigo Barros,Rodrigo Kauer de Barros,12111,Deputado estadual,PDT,Administrador,Superior incompleto,49,,,165000,https://www.facebook.com/share/1bcz19tM6S/ HTTPS://WWW.INSTAGRAM.COM/RODRIGO.BARROS121/ https://www.instagram.com/rodbarros77/,
240002533283,Rodrigo Minotto,Rodrigo Minotto,12345,Deputado estadual,PDT,Deputado,Superior completo,53,sim,Deputado Estadual (PDT): Eleito por média,2448119,https://www.tiktok.com/@deputadorodrigominotto?_r=1&_t=ZS-98xoWKfHpeC https://www.youtube.com/@deputadorodrigominotto https://x.com/rodrigominotto,
240002533293,Rosenvaldo Junior,Rosenvaldo da Silva Junior,12789,Deputado estadual,PDT,Médico,Superior completo,52,,,1127276,https://www.facebook.com/rosenvaldojunior HTTPS://WWW.INSTAGRAM.COM/ROSENVALDOJUNIOR/,
240002533290,Selma Adão,Selma Terezinha Adão,12612,Deputado estadual,PDT,Professor de Ensino Médio,Superior completo,64,,,1030000,HTTPS://WWW.INSTAGRAM.COM/SELMADA0/ https://www.instagram.com/selmada0/ https://www.facebook.com/selma.adao,
240002533294,Victor Piccoli,Victor Hugo Branco Piccoli,12555,Deputado estadual,PDT,Vereador,Superior completo,32,,,12474326,HTTPS://WWW.INSTAGRAM.COM/VICTORPICCOLISC/ https://www.facebook.com/vhpiccoli,
240002533305,Victoria Salgado,Victoria Salgado Figueiredo Gomes,12112,Deputado estadual,PDT,Advogado,Superior completo,26,,,0,HTTPS://WWW.INSTAGRAM.COM/VICTORIASALGADOSC/,
240002539957,A Alex Brasil,Alexander Brasil Alves Pereira,22000,Deputado estadual,PL,Deputado,Superior completo,50,,Deputado Estadual (PL): Suplente,483669,HTTPS://WWW.FACEBOOK.COM/DEPUTADOALEXBRASIL HTTPS://WWW.ALEXBRASIL.COM.BR HTTPS://WWW.TIKTOK.COM/@DEPUTADOALEXBRASIL,
240002539966,A Deco Batisti,Andre Batisti,22999,Deputado estadual,PL,Administrador,Superior completo,45,,,741235,HTTPS://WWW.INSTAGRAM.COM/DECOBATISTI/ HTTPS://DECOBATISTI.COM.BR/,
240002539975,A Fabi Venera,Fabiola Marilene de Souza Sestren Venera,22357,Deputado estadual,PL,Empresário,Superior completo,47,,,2758657,FABIVENERA.COM.BR HTTPS://WWW.FACEBOOK.COM/FABIOLA.VENERA HTTPS://WWW.INSTAGRAM.COM/FABIVENERA/,
240002539824,Adrianinha da Saúde,Adriana Correa,22192,Deputado estadual,PL,Enfermeiro,Superior completo,39,,,314423,HTTPS://WWW.INSTAGRAM.COM/ADRIANINHADASAUDE?IGSH=MWTXM21HA3DZDXRTNW== HTTPS://WWW.FACEBOOK.COM/SHARE/191T9NRBRD/?MIBEXTID=WWXIFR,
240002539977,Ana Campagnolo,Ana Caroline Campagnolo Galvao,22222,Deputado estadual,PL,Deputado,Superior completo,35,sim,Deputado Estadual (PL): Eleito por QP,3333551,HTTPS://YOUTUBE.COM/@ANACAMPAGNOLO1 HTTPS://WWW.TIKTOK.COM/@DEPUTADAANACAMPAGNOLO HTTPS://ANACAMPAGNOLO.COM/,
240002539973,Bruno Souza,Bruno André de Souza,22722,Deputado estadual,PL,Empresário,Superior completo,42,,Deputado Federal (NOVO): Suplente,7299430,"https://x.com/brunosouzasc?s=11, https://www.tiktok.com/@brunosouzasc?_r=1&_t=ZS-98du8YznsDF, https://www.facebook.com/BrunoSouzaSC/",
240002539983,Camilo Martins,Camilo Nazareno Pagani Martins,22369,Deputado estadual,PL,Deputado,Superior completo,46,sim,Deputado Estadual (PODE): Eleito por QP,138877,YOUTUBE: HTTPS://WWW.YOUTUBE.COM/@CANALCAMILOMARTINS FACEBOOK: HTTPS://WWW.FACEBOOK.COM/CAMILOMARTINSSC/?LOCALE=PT_BR INSTA: HTTPS://WWW.INSTAGRAM.COM/CAMILOMARTINSSC/,
240002539984,Carla Enfermeira,Carla Regina Rudolf,22522,Deputado estadual,PL,Outros,Superior completo,48,,,0,HTTPS://WWW.INSTAGRAM.COM/CARLA.RUDOLF?IGSH=MWF4Y2O0DME2BTJM,
240002539964,Carlos Humberto,Carlos Humberto Metzner Silva,22444,Deputado estadual,PL,Empresário,Superior completo,45,sim,Deputado Estadual (PL): Eleito por QP,18229500,HTTPS://WWW.FACEBOOK.COM/22CARLOSHUMBERTO HTTPS://WWW.TIKTOK.COM/@CARLOSHUMBERTOBC HTTPS://WWW.FACEBOOK.COM/CARLOSHUMBERTOBC,
240002539987,Chica do Eskudlark,Solange Aparecida Bitencourt Schlichting,22822,Deputado estadual,PL,Empresário,Médio completo,56,,,515922,https://www.facebook.com/profile.php?id=100012999222629 HTTPS://WWW.INSTAGRAM.COM/CHICADOESKUDLARK/ https://chicadoeskudlark.com.br,
240002539980,Cleci Veronezi,Cleci Aparecida Veronezi,22282,Deputado estadual,PL,Servidor Público Municipal,Superior completo,48,,,561161,@PREFEITA_CLECIVERONEZI - INSTAGRAM HTTPS://WWW.FACEBOOK.COM/CLECIVERONEZIPREFEITA/?LOCALE=PT_BR - FACEBOOK,
240002539986,Coronel Mocellin,Onir Mocellin,22193,Deputado estadual,PL,Bombeiro Militar,Superior completo,63,,Deputado Federal (REPUBLICANOS): Não eleito,3367823,https://www.coronelmocellin.com.br/ HTTPS://WWW.FACEBOOK.COM/CORONELMOCELLIN HTTPS://WWW.INSTAGRAM.COM/CORONELMOCELLIN/,
240002539990,Delegado Ulisses Gabriel,Ulisses Gabriel,22111,Deputado estadual,PL,Policial Civil,Superior completo,44,,,1783885,HTTPS://WWW.FACEBOOK.COM/DELEGADOULISSESGABRIEL/?LOCALE=PT_BR https://chat.whatsapp.com/BU0iLzsmjcO2GDBYuTgIRC?mode=gi_t https://linktr.ee/delegadoulisses,
240002539959,Everaldo Di Berti,Everaldo Di Berti,22007,Deputado estadual,PL,Empresário,Superior incompleto,54,,,51757,EVERALDODIBERTI,
240002539978,Flávia Ribas,Flavia Maris Muller Ribas,22211,Deputado estadual,PL,Outros,Superior completo,44,,,406664,FACEBOOK: FLÁVIA MULLER RIBAS INSTAGRAM FLAVIA_RIBAS_,
240002539974,Frigo,Tiago Bolan Frigo,22100,Deputado estadual,PL,Engenheiro,Superior completo,45,,Deputado Estadual (PL): Suplente,500653,HTTPS://WWW.TIKTOK.COM/@FRIGOSCBR HTTPS://BR.LINKEDIN.COM/IN/TIAGO-BOLAN-FRIGO-94B76321 HTTPS://WWW.INSTAGRAM.COM/TIAGOBOLANFRIGO/,sim
240002539972,Guilherme Colombo,Guilherme Horacio Colombo,22333,Deputado estadual,PL,Advogado,Superior completo,39,,,1356195,WWW.GUILHERMECOLOMBOSC.COM.BR HTTPS://WWW.INSTAGRAM.COM/GUILHERMECOLOMBOSC https://www.facebook.com/guicolombosc/,
240002539965,Ivan Naatz,Ivan Naatz,22555,Deputado estadual,PL,Advogado,Superior completo,59,sim,Deputado Estadual (PL): Eleito por QP,7332322,HTTPS://WWW.INSTAGRAM.COM/DEPUTADOIVANNAATZ/,
240002539985,Jair Miotto,Jair Antonio Miotto,22422,Deputado estadual,PL,Administrador,Superior completo,56,sim,Deputado Estadual (UNIÃO): Eleito por QP,3577137,https://www.facebook.com/jairmiotto.2 https://www.tiktok.com/@ojairmiotto https://www.threads.com/@jairmiotto,
240002539971,Jessé Lopes,Jesse de Faria Lopes,22022,Deputado estadual,PL,Odontólogo,Superior completo,44,sim,Deputado Estadual (PL): Eleito por QP,1394799,https://www.instagram.com/dep.jesseplsc HTTPS://WWW.INSTAGRAM.COM/DEPUTADOJESSELOPES/,
240002539969,Juliana Maciel,Juliana Maciel Hoppe,22200,Deputado estadual,PL,Advogado,Superior completo,33,,,232394,https://www.youtube.com/@julianamaciel HTTPS://WWW.INSTAGRAM.COM/JULIANAMACIEL_OFICIAL/ https://timejulianamaciel.com.br/,
240002539968,Junior Cardoso,Silvio Cardoso Junior,22322,Deputado estadual,PL,Empresário,Superior completo,57,,Deputado Estadual (PTB): Suplente,574235,https://www.juniorcardosoporsc.com.br/ https://www.tiktok.com/@juniorcardoso.sc https://www.youtube.com/@PASTORJUNIORCARDOSO3765,
240002539958,Lavinya Dealis,Lavinya Aparecida Costa Dealis,22005,Deputado estadual,PL,Agenciador de Propaganda,Médio completo,21,,,0,HTTPS://WWW.INSTAGRAM.COM/LAVINYA_DEALIS/,
240002539961,Letícia Mattos,Letícia Maduell de Mattos,22888,Deputado estadual,PL,Odontólogo,Superior completo,45,,Deputado Estadual (PL): Suplente,414269,HTTPS://WWW.INSTAGRAM.COM/LETICIAMATTOS_SC/ HTTPS://WWW.INSTAGRAM.COM/LETICIAMATTOSSC/ WWW.LETICIAMATTOS.COM.BR,
240002539963,Marcius Machado,Marcius da Silva Machado,22123,Deputado estadual,PL,Cientista Político,Superior completo,47,sim,Deputado Estadual (PL): Eleito por QP,1360266,https://www.threads.com/@marciusmachado HTTPS://WWW.FACEBOOK.COM/DEPUTADOMARCIUSMACHADO HTTPS://X.COM/MARCIUSMACHADO,
240002539981,Marcos da Rosa,Marcos da Rosa,22077,Deputado estadual,PL,Administrador,Superior completo,50,sim,Deputado Estadual (UNIÃO): Eleito por média,1641850,HTTPS://WWW.INSTAGRAM.COM/DEPUTADOMARCOSDAROSA/ WWW.MARCOSDAROSA.COM.BR,
240002539970,Massocco,Edilson Massocco,22150,Deputado estadual,PL,Empresário,Médio incompleto,55,sim,Deputado Estadual (PL): Eleito por média,7963275,HTTPS://WWW.FACEBOOK.COM/EDILSON.MASSOCCO HTTPS://WWW.INSTAGRAM.COM/EDILSONMASSOCCO/,
240002539976,Maurício Peixer,Mauricio Fernando Peixer,22122,Deputado estadual,PL,Deputado,Superior completo,68,,Deputado Estadual (PL): Suplente,1400664,HTTP://MAURICIOPEIXER.COM.BR/ HTTPS://WWW.INSTAGRAM.COM/MAURICIOPEIXER?IGSHID=MZRLODBINWFLZA%3D%3D HTTPS://WWW.FACEBOOK.COM/MAURICIOPEIXEROFICIAL?MIBEXTID=WWXIFR&RDID=EBZICFLZFKWY,
240002539962,Michel,Michel da Silva Schlemper,22456,Deputado estadual,PL,Empresário,Superior completo,46,,,1386472,X: @MICHELSCHLEMPER INSTA: @MICHELSCHLEMPER FACEBOOK: @MICHELSJ15,
240002539982,Mário Hildebrandt,Mario Hildebrandt,22199,Deputado estadual,PL,Administrador,Superior completo,57,,,2024236,https://www.threads.com/@hildebrandtmario?xmt=AQG0l014Y https://www.mariohildebrandt.com.br https://br.linkedin.com/in/m%C3%A1rio-hildebrandt-0a991217a,
240002539989,Nilza Simas,Nilza Nilda Simas,22777,Deputado estadual,PL,Enfermeiro,Superior completo,57,,,160935,WWW.NILZASIMAS.COM.BR FACEBOOK.COM/NILZASIMAS INSTAGRAM.COM/NILZASIMAS,
240002539988,Oscar Gutz,Oscar Gutz,22470,Deputado estadual,PL,Empresário,Fundamental incompleto,62,sim,Deputado Estadual (PL): Eleito por média,3441330,HTTPS://WWW.INSTAGRAM.COM/DEPUTADOOSCARGUTZ HTTPS://X.COM/DEPOSCARGUTZ?S=11&T=K_KXYDV0L-SSDJVCGYMYHG HTTPS://WWW.FACEBOOK.COM/DEPUTADOOSCARGUTZ/,
240002551379,Professora Bruni,Bruni Hubner,22002,Deputado estadual,PL,Professor e Instrutor de Formação Profissional,Superior completo,55,,,452000,https://www.facebook.com/share/1cxwZGPdQC/?mibextid=wwXIfr https://www.instagram.com/professorabruni?igsh=MTAwY3JmY3FwbDh2cA==&igsi=MTAwY3J,
240002539979,Rodrigo Pedrini,Rodrigo Pedrini,22233,Deputado estadual,PL,Empresário,Superior completo,40,,,1049416,HTTPS://WWW.INSTAGRAM.COM/PEDRINI.RODRIGO/ HTTPS://WWW.FACEBOOK.COM/RODRIGO.PEDRINI.3/ HTTPS://WWW.FACEBOOK.COM/RODRIGOPEDRINIJBA/,
240002551380,Sargento Pacheco,Andre Luiz Pacheco,22190,Deputado estadual,PL,Policial Militar,Superior completo,50,,,210000,HTTPS://WWW.FACEBOOK.COM/SHARE/1BZFW5NRSR/?MIBEXTID=WWXIFR HTTPS://WWW.INSTAGRAM.COM/ANDRELUIZPACHECO01081976?IGSH=C3FOZDQXAGV6ZWO4&IGSI=C3 HTTPS://WWW.THREADS.COM/@ANDRELUIZPACHECO01081976?IGSHID=NTC4MTIWNJQ2YQ==,
240002539967,Saulo Sperotto,Saulo Sperotto,22245,Deputado estadual,PL,Empresário,Médio completo,60,,Deputado Estadual (PSDB): Suplente,1552336,FACEBOOK: SAULO SPEROTTO INSTAGRAM: SAULO SPEROTTO,
240002539991,Sorgatto,Leandro Sorgato,22234,Deputado estadual,PL,Empresário,Superior completo,50,,Deputado Federal (MDB): Suplente,3556890,HTTPS://FACEBOOK.COM/LEANDROSORGATTO HTTPS://WWW.INSTAGRAM.COM/LEANDROSORGATTO/ WWW.LEANDROSORGATTO.COM.BR,
240002539960,Wilian Tonezi,Wilian Martini Tonezi,22001,Deputado estadual,PL,Vereador,Superior completo,43,,,967239,HTTPS://X.COM/WILIANTONEZI HTTPS://WWW.INSTAGRAM.COM/WTONEZI HTTPS://WWW.TIKTOK.COM/@WTONEZI,
240002539577,Abia Alves,Beatriz Alves de Souza,20555,Deputado estadual,PODE,Outros,Superior completo,36,,,509868,HTTPS://WWW.INSTAGRAM.COM/BIAALVES.SC?IGSH=ZW0WNXBZEWRYCGGZ HTTPS://WWW.FACEBOOK.COM/SHARE/1USKEVVTUT/ https://www.biaalvessc.com/,
240002539578,Alex Corrêa,Alex Sander Godinho Correa,20620,Deputado estadual,PODE,Outros,Médio completo,51,,,24000,HTTPS://WWW.INSTAGRAM.COM/ALEX.CORREA_10/ HTTPS://WWW.FACEBOOK.COM/ALEX.CORREA.791408,
240002539554,Alexandre José,Alexandre Jose Piaz,20300,Deputado estadual,PODE,Locutor e Comentarista de Rádio e Televisão e Radialista,Médio completo,55,,,1763723,HTTPS://WWW.INSTAGRAM.COM/ALEXANDREJOSESC/ https://alexandrejose.com.br,
240002539575,Anderson Sandmann,Anderson Sandmann,20888,Deputado estadual,PODE,Operador de Aparelhos de Produção Industrial,Médio incompleto,29,,,755184,HTTPS://WWW.FACEBOOK.COM/SHARE/191JAPWSJA/ HTTPS://WWW.INSTAGRAM.COM/P/DXZJQ3RIKXU/,
240002539556,Cacá Tavares,Cassiano Tavares,20111,Deputado estadual,PODE,Vereador,Superior incompleto,51,,,340450,HTTPS://WWW.FACEBOOK.COM/SHARE/1EONL1TAAS/ HTTPS://WWW.INSTAGRAM.COM/CACATAVARESBRUSQUE?IGSH=DHI2DDDLZXY2YJG0,
240002539563,Carla Z Pereira,Carla Andressa Zamperlini Pereira,20055,Deputado estadual,PODE,Empresário,Superior completo,44,,,137500,HTTPS://WWW.INSTAGRAM.COM/CARLA.ZPEREIRA?IGSH=MTZNB3E0DDFSNWXRNG==,
240002539547,Cris Quadros,Cristiane Claudino Quadros,20026,Deputado estadual,PODE,Dona de Casa,Médio completo,38,,,0,HTTPS://WWW.INSTAGRAM.COM/CRISTIANECLAUDINOQUADROS?IGSH=MWNPY3F1NJFZCJBKMA==,
240002539585,Dr Mario Carvalho,Mario Jorge da Costa Carvalho,20034,Deputado estadual,PODE,"Corretor de Imóveis, Seguros, Títulos e Valores",Superior completo,65,,,1500000,,
240002539561,Fabio Botelho,Fabio Murilo Botelho,20020,Deputado estadual,PODE,Administrador,Superior completo,55,,,688746,HTTPS://WWW.INSTAGRAM.COM/FABIOBOTELHO_SC?IGSH=ZWH5A2F2CNDOAMCY HTTPS://WWW.FACEBOOK.COM/SHARE/18YPUKCYOR/,
240002552921,Felipe Ferreira (gêmeos),Luiz Felipe Ferreira,20800,Deputado estadual,PODE,Advogado,Superior completo,32,,,80000,https://www.instagram.com/felipeferreira.sc?igsh=bWx2NnlvOTBuYzJw&igsi=bWx2NnlvO,
240002539550,Flaviana Rocho,Flaviana Speransa Rocho,20250,Deputado estadual,PODE,Outros,Superior completo,46,,,0,HTTPS://WWW.INSTAGRAM.COM/FLAVIANA_FALASAOJOAODOSUL?IGSH=DWHYBDFLBDR4ZTLX,
240002539566,Gilberto Leal - Giba,Gilberto de Souza Leal Junior,20333,Deputado estadual,PODE,Advogado,Superior completo,54,,,305555,HTTPS://WWW.FACEBOOK.COM/SHARE/1BVPVOH92T/ https://www.youtube.com/@gilberto.lealjunior https://www.gilbertoleal20333.com.br,
240002539553,Iara Hausmann,Iara Rosana Hausmann o Loughlin,20122,Deputado estadual,PODE,Empresário,Superior completo,51,,,638378,https://www.facebook.com/iarahausmann.oficial https://www.instagram.com/iarahausmann.oficial https://lightyellow-goose-359172.hostingersite.com/,
240002539569,Jean Antigranizo,Jean Carlo Ribeiro,20789,Deputado estadual,PODE,Engenheiro,Superior completo,54,,,818618,HTTPS://WWW.INSTAGRAM.COM/JEANCARLOANTIGRANIZO?IGSH=MWS5MJDHMXN6YXRXYW==,sim
240002539571,Jessica Prado,Jessica Emanuele Priscila Prado Herber,20777,Deputado estadual,PODE,Empresário,Superior incompleto,37,,,0,HTTPS://WWW.INSTAGRAM.COM/JESSICAPRADOHERBER?IGSH=MWCZYXZ6Z2N1ZTFLOA==,
240002539572,Joel Santos da Rádio,Joel Leal dos Santos Junior,20007,Deputado estadual,PODE,Locutor e Comentarista de Rádio e Televisão e Radialista,Médio completo,49,,,34916,HTTPS://WWW.INSTAGRAM.COM/JOEL_L_SANTOS?IGSH=MWTSEXHNCTF0BDL0BW==,
240002539576,Jorge Kruger,Jorge Augusto Kruger,20123,Deputado estadual,PODE,Empresário,Médio incompleto,43,,,876355,https://www.instagram.com/jorgeakruger_ https://www.facebook.com/jorge.kruger.395/ HTTPS://WWW.FACEBOOK.COM/PROFILE.PHP?ID=100064183956166,
240002539548,Lairton Bolico da Saude,Lairton José Bólico Joaquim,20120,Deputado estadual,PODE,Servidor Público Estadual,Superior completo,52,,,0,INSTAGRAM: HTTPS://WWW.INSTAGRAM.COM/LUCAS.D.MELLO? UTM_SOURCE=IG_WEB_BUTTON_SHA HTTPS://WWW.FACEBOOK.COM/LAIRTON.BOLICO.2025,
240002539557,Lu Indalécio,Luciana Indalecio,20010,Deputado estadual,PODE,"Corretor de Imóveis, Seguros, Títulos e Valores",Superior completo,49,,,300000,HTTPS://WWW.INSTAGRAM.COM/LUINDALECIOO?IGSH=MWVLAHLJEME1AGJTOA== HTTPS://WWW.FACEBOOK.COM/SHARE/1XMJFC7QRU/,
240002539568,Lucas Lucindo,Lucas Lucindo Vieira,20005,Deputado estadual,PODE,Empresário,Superior completo,32,,,431266,https://lucaslucindo.com.br HTTPS://WWW.FACEBOOK.COM/LUCAS.LUCINDO HTTPS://WWW.INSTAGRAM.COM/LLUCINDOV,
240002539579,Lucas Mello,Lucas Alves de Mello Rosa,20316,Deputado estadual,PODE,Empresário,Superior completo,32,,,0,HTTPS://WWW.INSTAGRAM.COM/LUCAS.D.MELLO?IGSH=MXFUM3PTCHA1EDVJDW== https://www.tiktok.com/@lucasamello94 https://www.facebook.com/lucas.mello.733,
240002539552,Mariel Grando,Mariel de Carvalho Coelho Grando,20522,Deputado estadual,PODE,Administrador,Superior completo,44,,Deputado Federal (PODE): Não eleito,0,HTTPS://WWW.INSTAGRAM.COM/MARIELGRANDO?IGSH=MWZRCMDVZ3RLYXIXBA==,
240002539551,Marquinho Kurtz,Marcos Augusto Kurtz,20456,Deputado estadual,PODE,Vereador,Superior completo,60,,Deputado Federal (PODE): Não eleito,734806,HTTPS://WWW.INSTAGRAM.COM/MARQUINHOKURTZBC/ https://www.facebook.com/marquinhokurtzbc https://www.facebook.com/marquinho.kurtz/,
240002539559,Martina Domingues,Martina Domingues Chiaradia,20444,Deputado estadual,PODE,Professor de Ensino Fundamental,Superior completo,32,,,0,HTTPS://WWW.FACEBOOK.COM/MARTINADOMINGUES HTTPS://WWW.INSTAGRAM.COM/MARTINA.DOMINGUES,
240002539565,Osmar Teixeira,Osmar Anibal Teixeira Junior,20106,Deputado estadual,PODE,Locutor e Comentarista de Rádio e Televisão e Radialista,Superior completo,28,,Deputado Estadual (SOLIDARIEDADE): Não eleito,50137,HTTPS://WWW.FACEBOOK.COM/SHARE/1EIRAKZBJT/ HTTPS://WWW.INSTAGRAM.COM/OSMARTEIXEIRAITAJAI?IGSH=MTDIDXPJNTIYENL2CW==,
240002539582,Pedro Santacannabis,Pedro Luis Sabaciauskis Pereira,20420,Deputado estadual,PODE,Outros,Médio completo,50,,,318298,HTTPS://WWW.FACEBOOK.COM/SHARE/1HXRTNKFSU/ HTTPS://WWW.INSTAGRAM.COM/PEDROSANTACANNABIS?IGSH=ATV0ADVMEG80MNJO,
240002539580,Preta,Adriane Biava,20600,Deputado estadual,PODE,Aposentado (exceto Servidor Público),Superior completo,55,,,109800,https://www.facebook.com/pretabiava https://www.facebook.com/petabiava HTTPS://WWW.INSTAGRAM.COM/PRETA.BIAVA/,
240002539581,Prof. Renato,Renato Cristopher dos Santos,20321,Deputado estadual,PODE,Professor de Ensino Médio,Superior completo,46,,,4000,HTTPS://WWW.INSTAGRAM.COM/RENATOCRISTOPHER?IGSH=DNY2AXM4OTF5N2H2 HTTPS://WWW.FACEBOOK.COM/SHARE/1DHMPXHGJX/,
240002539555,Professora Caterine,Caterine Nogueira Mendes,20200,Deputado estadual,PODE,Professor de Ensino Fundamental,Superior completo,48,,Deputado Estadual (CIDADANIA): Suplente,93700,HTTPS://WWW.INSTAGRAM.COM/PROFESSORACATERINE?IGSH=MTFLY3O3ZNLYCMKZZA== HTTPS://WWW.FACEBOOK.COM/SHARE/1BBYT8EGE7/,
240002539573,Rabuja,Valdemar Ignaczuk,20470,Deputado estadual,PODE,Motorista de Veículos de Transporte de Carga,Médio completo,49,,Deputado Estadual (PL): Suplente,414197,HTTPS://WWW.INSTAGRAM.COM/RABUJA.SC?IGSH=MW5XEMJMYMT6ODY3EA== HTTPS://WWW.FACEBOOK.COM/SHARE/1GFVLJEY4W/,
240002539583,Raquel Afonso,Raquel da Silva Afonso,20021,Deputado estadual,PODE,Outros,Médio completo,44,,,0,HTTPS://WWW.FACEBOOK.COM/RAQUEL.AFONSO.92 HTTPS://WWW.INSTAGRAM.COM/RAQUEL__AFONSO?IGSH=MNF1DHDIYMUWDML1,
240002539558,Renata Aguiar - Kida,Renata Aguiar,20999,Deputado estadual,PODE,Outros,Superior completo,40,,,0,HTTPS://WWW.INSTAGRAM.COM/RENATA.AGUIAR86?IGSH=MXVJDNVLAMFMMWJ3EG==,
240002539567,Sargento Floriano,Rudinei Luis Floriano,20190,Deputado estadual,PODE,Policial Militar,Superior completo,51,,Deputado Estadual (REPUBLICANOS): Suplente,300000,HTTPS://WWW.INSTAGRAM.COM/SARGENTOFLORIANO?IGSH=MXH4AHJJDDRHDGFSBG== HTTPS://WWW.FACEBOOK.COM/SHARE/1DBU9KECEH/,
240002539570,Subtenente Antunes do Trânsito,Atanir Antunes,20500,Deputado estadual,PODE,Policial Militar,Superior completo,58,,,697483,HTTPS://WWW.INSTAGRAM.COM/ATANIRANTUNES?IGSH=MTR2ZDN2CJVPETFWZG== HTTPS://WWW.FACEBOOK.COM/SHARE/1BMCDRWJ1X/,
240002539560,Tetê Pro Consumidor,Wallace Avanir de Souza,20151,Deputado estadual,PODE,Servidor Público Municipal,Médio completo,52,,,0,HTTPS://WWW.INSTAGRAM.COM/TETESOUZASJ?IGSH=EG1LCNF0Y3C1N3NJ HTTPS://WWW.FACEBOOK.COM/TETE.WALLACEDESOUZA,
240002539562,Thiago Vieira,Thiago Augusto Vieira,20000,Deputado estadual,PODE,Policial Militar,Superior completo,44,,,1005764,HTTPS://WWW.FACEBOOK.COM/SHARE/18FWSGKP4C/ HTTPS://WWW.INSTAGRAM.COM/THIAGOVIEIRAPM?IGSH=MWPUCM0YETM5ODVHCW==,
240002539574,Tito Zanin,Valmir Joao Zanin,20222,Deputado estadual,PODE,Empresário,Médio completo,58,,,10000745,HTTPS://WWW.FACEBOOK.COM/SHARE/1DCMAKSL2R/ HTTPS://WWW.INSTAGRAM.COM/ZANINTITO?IGSH=MWFVA3FUN3DZCHM3EG==,
240002539584,Vinicius Ganem,Vinicius Ganem Sanches Faile,20100,Deputado estadual,PODE,Outros,Superior completo,43,,,30000,http://materialganem.com.br https://www.facebook.com/viniciusganem.sc https://www.instagram.com/viniciusganem.sc/,
240002539564,Wagner Araújo,Wagner Darlis de Araujo,20220,Deputado estadual,PODE,Empresário,Médio completo,42,,,0,HTTPS://WWW.INSTAGRAM.COM/WAGNER_ARAUJOSC?IGSH=NDUYY2Y5EGS3AHPU,
240002543403,Aanderson Batata,Anderson Luz dos Santos,11456,Deputado estadual,PP,Servidor Público Estadual,Superior completo,47,,Deputado Federal (PP): Não eleito,1231324,SITE: ANDERSONBATATA.COM.BR X: BATATA-ANDERSON INSTAGRAM: @BATATAANDERSON11,
240002551731,Adri,Adriana Fernanda Savi Fernandes,11999,Deputado estadual,PP,Empresário,Superior completo,47,,Deputado Estadual (PP): Suplente,1510277,HTTPS://WWW.INSTAGRAM.COM/ADRI_SAVI HTTPS://WWW.FACEBOOK.COM/ADRIANA.SAVI.FERNANDES,
240002543410,Altair Silva,Altair da Silva,11130,Deputado estadual,PP,Empresário,Superior completo,60,sim,Deputado Estadual (PP): Eleito por QP,4622894,INSTAGRAM: HTTPS://INSTAGRAM.COM/DEPUTADOALTAIRSILVA/ WHATSAPP: HTTPS://WA.ME/554999360077 X: HTTPS://X.COM/DEPUTADOALTAIRSILVA,
240002543412,André Livramento,Andre Luis Livramento,11470,Deputado estadual,PP,Massagista,Superior completo,54,,,20500,HTTPS://WWW.INSTAGRAM.COM/ANDRE.L.LIVRAMENTO?IGSH=MWTYZDRSMM9PDG02ZQ== HTTPS://WWW.FACEBOOK.COM/ANDRE.L.LIVRAMENTO,
240002543420,Anelisio da Assessoritec,Anelisio Machado,11000,Deputado estadual,PP,Empresário,Superior completo,61,,Deputado Estadual (PP): Suplente,1646236,https://www.instagram.com/campanhaanelisio H¿¿PS://WWW.¿¿KTOK.COM/@ANELISIO.ASSESSORITEC?_R=1&_T=Z H¿¿PS://WWW.INSTAGRAM.COM/ANELISIOASSESSORITEC?IGSH=MTY,
240002543408,Claudio Bianchini,Claudio Luiz Bianchini Freitas,11022,Deputado estadual,PP,Jornalista e Redator,Superior completo,67,,,25000,HTTPS://WWW.FACEBOOK.COM/SHARE/18ST9RSCRY/ https://www.instagram.com/claudiobianchini11022/,
240002543386,Cris Brilhante,Crisania Dantas Brilhante,11011,Deputado estadual,PP,Comerciante,Médio completo,44,,,30000,HTTPS://WWW.TIKTOK.COM/@USER6232795302180?_R=1&_T=ZS-98D9WQ77NIW HTTPS://WWW.INSTAGRAM.COM/CRISANIABRILHANTE?UTM_SOURCE=QR&IGSH=MXC3BJE5Y3U0AM1LZ https://www.facebook.com/share/1EzuvoWwdD/?mibextid=wwXIfr,
240002543406,Dalton Lueders,Dalton Parucker Lueders,11033,Deputado estadual,PP,Administrador,Superior completo,51,,,59852043,"HTTPS://DALTONLUEDERS.COM.BR HTTPS://WWW.INSTAGRAM.COM/DALTON.DMSC/, HTTPS://DALTON11033.COM.BR,",
240002543411,Dr. Irani,Irani Valentin Alberton Junior,11111,Deputado estadual,PP,Médico,Superior completo,59,,,6197662,FACEBOOK.COM/IRANIALBERTONJR WWW.IRANIALBERTON.COM.BR INSTAGRAM.COM/IRANIALBERTONJR,
240002543390,Evandro Scaini,Evandro Scaini,11234,Deputado estadual,PP,Empresário,Superior completo,59,,,1090507,HTTPS://WWW.FACEBOOK.COM/EVANDRO.SCAINI/ HTTPS://WWW.INSTAGRAM.COM/EVANDROSCAINI/ HTTPS://WWW.FACEBOOK.COM/EVANDROSCAINISC/,
240002543419,Lindomar Ferreira,Lindomar Ferreira,11123,Deputado estadual,PP,Vendedor de Comércio Varejista e Atacadista,Médio completo,56,,,56000,HTTPS://WWW.INSTAGRAM.COM/LINDOMARFERREIRA.OFICIAL/ HTTPS://WWW.TIKTOK.COM/@LINDOMARFERREIRA.OFICIAL HTTPS://WWW.FACEBOOK.COM/LINDOMAR.FERREIRA.397095,
240002543404,Manjuva Caminhoneiro,Sergio Joao Wildner,11112,Deputado estadual,PP,Motorista de Veículos de Transporte de Carga,Médio incompleto,60,,Deputado Estadual (PP): Suplente,750000,HTTPS://WWW.TIKTOK.COM/@MANJUVACAMINHONEIRO?_R=1&_T=ZS-98FJOPC2AAA https://manjuvacaminhoneiro.com.br https://www.facebook.com/manjuva11112/,
240002543405,Mara da Saúde,Mara Lucia Xavier da Costa dos Santos,11020,Deputado estadual,PP,Técnico de Enfermagem e Assemelhados (exceto Enfermeiro),Médio completo,60,,Deputado Estadual (PP): Suplente,0,HTTPS://WWW.INSTAGRAM.COM/MARADASAUDEE?IGSH=MTFOODVUCZNJMZY5EA== HTTPS://WWW.FACEBOOK.COM/SHARE/1FCA9BM8TH/,
240002543387,Marilise Martinez,Marilise Schmidt Martinez,11122,Deputado estadual,PP,Servidor Público Civil Aposentado,Superior completo,61,,Deputado Federal (PP): Não eleito,1406935,HTTPS://WWW.INSTAGRAM.COM/MARILISEMARTINEZ?IGSH=C3IWETL6CWP3YWGX,
240002543397,Mattiolo,Celso Mattiolo,11322,Deputado estadual,PP,Empresário,Médio completo,76,,,38247149,INSTAGRAM: @CELSOMATTIOLO FACEBOOK: HTTPS://WWW.FACEBOOK.COM/MATTIOLOCELSO SITE: WWW.CELSOMATTIOLO.COM.BR,
240002543418,Pepê Collaço,Felippe Luiz Collaco,11223,Deputado estadual,PP,Deputado,Superior completo,48,sim,Deputado Estadual (PP): Eleito por média,2942284,HTTPS://WWW.FACEBOOK.COM/SHARE/1EFZ6DYTD2/?MIBEXTID=WWXIFR HTTPS://WWW.THREADS.COM/@PEPECOLLACO?IGSHID=NTC4MTIWNJQ2YQ== HTTPS://WWW.TIKTOK.COM/@PEPECOLLACO?_R=1&_T=ZS-98XZZIGSQZI,
240002551732,Priscila Dal Bosco,Priscila Dal Bosco,11233,Deputado estadual,PP,Nutricionista e Assemelhados,Superior completo,43,,,0,,
240002543399,Sargento Puttkammer o Alemão,Leandro Puttkammer,11369,Deputado estadual,PP,Servidor Público Estadual,Superior completo,46,,,0,HTTPS://WWW.INSTAGRAM.COM/ALEMAOXC?IGSH=MXEYAJBICWFKC3IZOA==,
240002543394,Silvio Dreveck,Silvio Dreveck,11222,Deputado estadual,PP,Aposentado (exceto Servidor Público),Superior completo,73,,Deputado Federal (PP): Não eleito,1387515,TIKTOK: HTTPS://WWW.TIKTOK.COM/@SILVIODREVECK?_R=1&_T=ZS-98BKE4BD5EA SITE: HTTPS://WWW.SILVIODREVECK.COM.BR/ FACEBOOK: HTTPS://WWW.FACEBOOK.COM/PROFILE.PHP?ID=100082872342718,
240002543416,Silvéria Zanchi,Silveria Soeli Zanchi,11622,Deputado estadual,PP,Locutor e Comentarista de Rádio e Televisão e Radialista,Médio completo,53,,,134476,TIK TOK: @SILVERIA.ZANCHI HTTPS://WWW.FACEBOOK.COM/SILVERIA.ZANCHI/ HTTPS://WWW.INSTAGRAM.COM/SILVERIA_ZANCHI?IGSH=MTZ2CNDNNJQ1BJDNMG==,
240002543401,Simone Andrade,Simone Cristina Andrade,11777,Deputado estadual,PP,Empresário,Superior incompleto,54,,Deputado Estadual (PP): Suplente,350000,https://www.tiktok.com/@simone.andrade57?_r=1&_t=ZS-99M2n6auVlf https://www.facebook.com/share/1DgpzcWQHF/?mibextid=wwXIfr https://www.instagram.com/simoneandrade.sc?igsi=MWZsZ3dwMzJwZ3pjMQ%3D%3D&utm_source=qr,
240002552124,Alba,Ricardo Joao Peluso Alba,25222,Deputado estadual,PRD,Servidor Público Estadual,Superior completo,41,,Deputado Federal (UNIÃO): Suplente,640000,HTTPS://WWW.INSTAGRAM.COM/DEPUTADOALBA/ HTTPS://WWW.FACEBOOK.COM/RICARDOALBAOFICIAL HTTPS://WWW.FACEBOOK.COM/DEPUTADOALBA,
240002552127,Barbara Costa,Bárbara Karoline Costa,25296,Deputado estadual,PRD,Outros,Médio completo,32,,Deputado Estadual (PATRIOTA): Não eleito,0,,
240002552119,Bombeiro Alan Martins,Alan Martins dos Santos,25193,Deputado estadual,PRD,Outros,Médio completo,33,,,30000,HTTPS://WWW.INSTAGRAM.COM/BOMBEIROALANMARTINS?IGSH=MWF3ZGRQB2HLEWJMZQ%3D%3D&UTM_ HTTPS://WWW.FACEBOOK.COM/SHARE/1DWBVJNHUH/?MIBEXTID=WWXIFR,
240002552925,Cassi Bueno,Cassiana Bueno da Silva,25312,Deputado estadual,PRD,Empresário,Médio completo,43,,Deputado Estadual (PATRIOTA): Não eleito,0,,
240002552928,Dr Adriano Machado (chiquinho),Adriano Machado,25225,Deputado estadual,PRD,Advogado,Superior completo,49,,,82000,https://facebook.com/advogadoadrianomachado www.adrianomachado.adv.br https://www.facebook.com/advogadoadrianomachado/directory_names,
240002552122,Guilherme Duarte,Guilherme Santiago Duarte,25250,Deputado estadual,PRD,Outros,Médio completo,26,,,0,HTTPS://WWW.FACEBOOK.COM/SHARE/1NZBWZG2SQ/?MIBEXTID=WWXIFR HTTPS://WWW.INSTAGRAM.COM/EUSOUDUARTEEE?IGSH=MWXICTM4NTNYNHZWMG%3D%3D&UTM_SOURCE,
240002552135,Irineu Filho,Irineu de Souza Filho,25190,Deputado estadual,PRD,Advogado,Superior completo,64,,,929000,,
240002552131,Joao do Posto,Joao Batista da Silva,25123,Deputado estadual,PRD,Outros,Superior incompleto,52,,,0,HTTPS://WWW.INSTAGRAM.COM/JOAODOPOSTONAVEGA_PRD.25?IGSH=NTHTAG53MMLUEWH0 HTTPS://WWW.FACEBOOK.COM/SHARE/1BSUEZVPGC,
240002552929,Joelma Cardoso,Joelma Cardoso,25079,Deputado estadual,PRD,Outros,Fundamental completo,47,,,0,https://www.facebook.com/share/199CWaRdEK https://k.kwai.com/u/@joelmacardr394/WCBW9ywJ https://www.instagram.com/joelmaloirinha2017?igsh=MTF4aGJ5Zm84NjZhOQ==,
240002552129,Josi Carvalho,Josiane dos Santos,25333,Deputado estadual,PRD,Dona de Casa,Fundamental incompleto,43,,,0,,
240002552126,Jucy Eckart,Jucineia Ribeiro Eckart,25256,Deputado estadual,PRD,Outros,Médio completo,41,,,0,HTTPS://WWW.INSTAGRAM.COM/JUCYECKART?IGSH=MWYZEXPKZ3NOBNVKNW%3D%3D&UTM_SOURCE=QR HTTPS://WWW.FACEBOOK.COM/SHARE/1BBDIET1HU/?MIBEXTID=WWXIFR,
240002552130,Juliana Tomaz,Juliana Regina Tomaz Moser,25550,Deputado estadual,PRD,Outros,Superior incompleto,39,,,400000,,
240002552134,Juliano Martins,Juliano da Silva Martins,25022,Deputado estadual,PRD,Empresário,Superior completo,45,,Deputado Estadual (PTB): Suplente,675000,HTTPS://WWW.FACEBOOK.COM/SHARE/1DYNW1YKPS/?MIBEXTID=WWXIFR HTTPS://X.COM/JULIANOOMARTI14?S=11&T=UWNFD4ZHV1XMK0VAGREACA HTTPS://WWW.INSTAGRAM.COM/JULIANO_MARTINSSC?IGSH=OWJKBTY4EMZ2DWJ0&UTM_SOURCE=QR,
240002552136,Lobão Segurança,Vilson Caetano Estevao,25023,Deputado estadual,PRD,Outros,Fundamental incompleto,57,,,124910,,
240002552121,Michel Costa,Michel Jhonnatan da Costa,25255,Deputado estadual,PRD,Empresário,Médio completo,34,,,0,https://www.facebook.com/profile.php?id=61593869434598 HTTPS://WWW.INSTAGRAM.COM/MICHELCOSTA_VOZDOMIGRANTE?IGSH=N2RWDWL2B2ZLAHP6 HTTPS://WWW.FACEBOOK.COM/SHARE/1BS92UX8YV,
240002552125,Miranda,Edinelson Miranda,25888,Deputado estadual,PRD,Outros,Médio incompleto,57,,,500000,,
240002552133,Professor Ozzy,Orozimbo Furlan Junior,25025,Deputado estadual,PRD,Farmacêutico,Superior completo,55,,,0,HTTPS://WWW.INSTAGRAM.COM/PROF__OZZY?IGSH=MTZMDWUYODNWCXHLBA==,
240002554271,Rafael Gomes,Rafael Gomes dos Santos,25000,Deputado estadual,PRD,Representante Comercial,Superior incompleto,52,,,348912,https://www.instagram.com/rkr_gomes?igsi=M2RyeTQzcTdmdnlj&utm_source=qr https://www.facebook.com/share/1Cc9NaBPGQ/?mibextid=wwXIfr,
240002552120,Ronan Souza,Ronan Cleiton de Souza,25555,Deputado estadual,PRD,Gerente,Médio completo,33,,,350000,HTTPS://WWW.INSTAGRAM.COM/RONANSOUZA.OFICIAL?IGSH=AZK2A293MXC1DMJV&UTM_SOURCE=QR HTTPS://WWW.FACEBOOK.COM/SHARE/14O6PDZGXWC/?MIBEXTID=WWXIFR,
240002552132,Rosinha pelo Povo,Rosinha Nichelatti Machado,25549,Deputado estadual,PRD,Outros,Fundamental incompleto,77,,,0,https://www.facebook.com/profile.php?id=61592507117964 https://www.instagram.com/?hl=pt-br,
240002552128,Simone do Caldo de Cana,Simone Alves Siqueira,25122,Deputado estadual,PRD,Comerciante,Médio completo,51,,,0,,
240002552118,Suboficial Anfrisio,Anfrísio Gomes Ferreira,25100,Deputado estadual,PRD,Membro das Forças Armadas,Superior incompleto,56,,,0,HTTPS://WWW.INSTAGRAM.COM/ANFRISIO_OFICIAL?IGSH=MWS5BHYYB25JY3Y5YG== HTTPS://WWW.TIKTOK.COM/@SUBOFICIAL.ANFRISIO?_R=1&_T=ZS-98Q7AUFMFK1 HTTPS://WWW.THREADS.COM/@ANFRISIO_OFICIAL,
240002551465,Berlanda,Nilso Jose Berlanda,55055,Deputado estadual,PSD,Empresário,Superior completo,64,sim,Deputado Estadual (PL): Eleito por QP,79646511,HTTPS://WWW.INSTAGRAM.COM/DEPUTADOBERLANDA HTTPS://DEPUTADOBERLANDA.COM.BR/ HTTPS://WWW.FACEBOOK.COM/DEPUTADOBERLANDA,
240002551462,Beto Kuerten Marcelino,Roberto Kuerten Marcelino,55789,Deputado estadual,PSD,Empresário,Superior completo,43,,,1186802,HTTPS://X.COM/KUERTENROBERTO HTTPS://WWW.FACEBOOK.COM/ROBERTO.KUERTENMARCELINO HTTPS://WWW.INSTAGRAM.COM/BETOKMARCELINO/,
240002551471,Cide Machado,Cidney Machado Waltrick,55000,Deputado estadual,PSD,Empresário,Médio incompleto,54,,,492470,HTTPS://WWW.TIKTOK.COM/@CIDE.MACHADO1/ HTTPS://WWW.THREADS.COM/@CIDEMACHADO.SC HTTPS://WWW.KWAI.COM/@CIDNEYWALTRICK,
240002551467,Clesio Salvaro,Clesio Salvaro,55111,Deputado estadual,PSD,Empresário,Médio completo,63,,,2165873,HTTPS://X.COM/CLESIOSALVARO HTTPS://WWW.INSTAGRAM.COM/CLESIOSALVARO HTTPS://WWW.FACEBOOK.COM/CLESIOSALVARO,
240002551458,Diego Machado,Diego Machado,55100,Deputado estadual,PSD,Administrador,Superior completo,39,,,567000,HTTPS://WWW.FACEBOOK.COM/DIEGOMACHADO02?MIBEXTID=WWXIFR&RDID=8E8S131KK29CIN8T&SH HTTPS://WWW.FACEBOOK.COM/VEREADORDIEGOMACHADO?MIBEXTID=WWXIFR&RDID=BWWRNUSF9RZOZ https://apoio.top/q/DiegoMachado55100,
240002551473,José Thomé,Jose Eduardo Rothbarth Thome,55888,Deputado estadual,PSD,Empresário,Superior incompleto,41,,,525199,HTTPS://X.COM/THOMEPREFEITO HTTPS://WWW.FACEBOOK.COM/JOSE.THOME.RIODOSUL/?LOCALE=PT_BR HTTPS://WWW.INSTAGRAM.COM/JOSETHOMESC/,
240002551472,Liba,Libardoni Lauro Claudino Fronza,55470,Deputado estadual,PSD,Empresário,Superior completo,55,,,1371670,HTTPS://WWW.INSTAGRAM.COM/LIBAFRONZA HTTPS://WWW.TIKTOK.COM/@LIBAFRONZA HTTPS://WWW.YOUTUBE.COM/@LIBAFRONZA,
240002554373,Maria do Tatu,Maria do Carmo Moreira Kovalski,55282,Deputado estadual,PSD,Dona de Casa,Fundamental incompleto,69,,,0,,
240002551469,Marlene Fengler,Marlene Fengler,55123,Deputado estadual,PSD,Servidor Público Estadual,Superior completo,58,,Deputado Federal (PSD): Suplente,2232259,HTTPS://WWW.INSTAGRAM.COM/MARLENEFENGLER/ HTTPS://MARLENEFENGLER.COM.BR/ HTTPS://WWW.FACEBOOK.COM/FENGLERMARLENE/,
240002551463,Mozara Schadeck,Mozara Carvalho Schadeck,55500,Deputado estadual,PSD,Servidor Público Civil Aposentado,Superior completo,62,,,700000,HTTPS://WWW.FACEBOOK.COM/MOZARA.SCHADECK HTTPS://WWW.INSTAGRAM.COM/MOZARA_SCHADECK,
240002551477,Mário Motta,Mario Pinto da Motta Junior,55555,Deputado estadual,PSD,Locutor e Comentarista de Rádio e Televisão e Radialista,Superior completo,74,sim,Deputado Estadual (PSD): Eleito por QP,700540,HTTPS://WWW.TIKTOK.COM/@MARIOMOTTAOFICIAL HTTPS://X.COM/DEPMARIOMOTTA HTTPS://WWW.FACEBOOK.COM/DEPUTADOMARIOMOTTA,
240002551461,Napoleão Bernardes,Napoleão Bernardes Neto,55777,Deputado estadual,PSD,Advogado,Superior completo,44,sim,Deputado Estadual (PSD): Eleito por média,238532,HTTPS://WWW.YOUTUBE.COM/PORTALNAPOLEAO HTTPS://WWW.INSTAGRAM.COM/NAPOLEAOBERNARDES HTTPS://WWW.TIKTOK.COM/@NAPOLEAOBERNARDES,
240002551460,Pacheco,Rogerio Luciano Pacheco,55655,Deputado estadual,PSD,Advogado,Superior completo,59,,,3968191,HTTPS://WWW.INSTAGRAM.COM/ROGERIOLUCIANOPACHECO/ HTTPS://WWW.FACEBOOK.COM/ROGERIOLUCIANOPACHECO https://www.tiktok.com/@rogerio.luciano.pacheco,
240002551459,Pri Fernandes Adote,Priscila Fernandes Farias,55444,Deputado estadual,PSD,Vereador,Superior completo,51,,,967457,HTTPS://SC.PRIFERNANDES.COM.BR/ HTTPS://WWW.INSTAGRAM.COM/PRIFERNANDESADOTE/ HTTPS://WWW.FACEBOOK.COM/PRIFERNANDESADOTE/,
240002551468,Ricardo Pastrana,Ricardo Luiz de Souza,55153,Deputado estadual,PSD,Servidor Público Municipal,Superior completo,45,,,3642396,HTTPS://WWW.FACEBOOK.COM/RICARDO.PASTRANA.501 HTTPS://WWW.RICARDOPASTRANA.COM.BR/ HTTPS://WWW.INSTAGRAM.COM/RICARDOPASTRANA/,
240002551470,Sheyla Chaves,Sheyla Cristina Chaves,55155,Deputado estadual,PSD,Advogado,Superior completo,46,,,747008,HTTPS://WWW.INSTAGRAM.COM/SHEYLA_CHAVES/ HTTPS://WWW.TIKTOK.COM/SHEYLA_CHAVES HTTPS://WWW.FACEBOOK.COM/SHEYLACRISTINA.CHAVES/,
240002551474,Vivian Quiquio,Vivian Cristine Quiquio,55852,Deputado estadual,PSD,Administrador,Superior completo,45,,,2000600,HTTPS://WWW.THREADS.COM/@VIVI_QUIQUIIO HTTPS://WWW.INSTAGRAM.COM/VIVI_QUIQUIIO/ HTTPS://WWW.FACEBOOK.COM/VIVIANCRISTINE.QUIQUIO.5,
240002551475,Voltolini Taxista,Aparecido Voltolini,55678,Deputado estadual,PSD,Taxista,Fundamental incompleto,81,,Deputado Estadual (PSD): Suplente,89107,HTTPS://WWW.INSTAGRAM.COM/APARECIDOVOLTOLINI/,
240002537097,Arildo Fernandes,Arildo Fernandes da Silva,45777,Deputado estadual,PSDB,Outros,Superior completo,39,,,18107,HTTPS://WWW.INSTAGRAM.COM/ARILDOFERNANDESOFICIAL/,
240002537089,Coronel Jefferson Schmidt,Jefferson Schmidt,45678,Deputado estadual,PSDB,Policial Militar,Superior completo,56,,Deputado Estadual (PATRIOTA): Não eleito,2340000,HTTPS://WWW.INSTAGRAM.COM/SOUJEFFERSON_SCHMIDT/ HTTPS://WWW.JEFFERSONSCHMIDT.COM.BR/,
240002537091,Crislane Fernandes,Crislane Evaristo Fernandes,45333,Deputado estadual,PSDB,Vendedor de Comércio Varejista e Atacadista,Médio completo,38,,,0,HTTPS://INSTAGRAM.COM/CRISLANEFERNANDES,
240002537094,Deputado Marcos Vieira,Marcos Luiz Vieira,45699,Deputado estadual,PSDB,Advogado,Superior completo,73,sim,Deputado Estadual (PSDB): Eleito por QP,3208175,HTTPS://WWW.FACEBOOK.COM/DEPUTADOESTADUALMARCOSVIEIRA?LOCALE=PT_BR HTTP://WWW.YOUTUBE.COM/@DEPUTADOMARCOSVIEIRA HTTPS://WWW.TIKTOK.COM/@DEPUTADOMARCOSVIEIRA?_R=1&_T=ZS-98ZST6R3XR7,
240002537098,Edinho da Casa Azul,Edson Luiz Duarte,45444,Deputado estadual,PSDB,Outros,Médio completo,61,,,0,HTTPS://WWW.INSTAGRAM.COM/EDINHO.CASAAZUL/ HTTPS://WWW.FACEBOOK.COM/VEREADOREDINHODUARTE/?REF=NONE_XAV_IG_PROFILE_PAGE_WEB#,
240002537104,Jessica Rodrigues,Jessica Degering Rodrigues,45199,Deputado estadual,PSDB,Dona de Casa,Médio completo,34,,,0,HTTPS://WWW.INSTAGRAM.COM/JEDEGERING/ JEDEGERING (THREADS) HTTPS://WWW.FACEBOOK.COM/JE.DEGERING?LOCALE=PT_BR,
240002537105,Jucemar Custódio (bujão),Jucemar Custódio,45222,Deputado estadual,PSDB,Comerciante,Médio completo,61,,,2000,HTTPS://WWW.INSTAGRAM.COM/JUCEMARCUSTODIO/,
240002537100,Kariny Naiara Muller,Kariny Naiara Muller Brum,45888,Deputado estadual,PSDB,Administrador,Superior completo,39,,,968721,HTTPS://WWW.INSTAGRAM.COM/KARINYNAIARAMULLER/,
240002537099,Leonardo Heinzen,Leonardo Garcia Heinzen,45455,Deputado estadual,PSDB,Outros,Superior completo,39,,,211273,HTTPS://WWW.INSTAGRAM.COM/LEONARDO_HEINZEN/ HTTPS://WWW.FACEBOOK.COM/LEONARDO.GARCIA.HEINZEN,
240002537095,Patricia Sobreda,Patricia da Silva Sobreda,45000,Deputado estadual,PSDB,Advogado,Superior completo,60,,,420857,HTTPS://WWW.YOUTUBE.COM/@PATRICIASOBREDA5576 HTTPS://WWW.INSTAGRAM.COM/PATRICIASOBREDA/ HTTPS://WWW.FACEBOOK.COM/SOBREDAP/?LOCALE=PT_BR,
240002537102,Paulinho,Paulo Spengler,45145,Deputado estadual,PSDB,Comerciante,Fundamental incompleto,67,,,1270,HTTPS://WWW.INSTAGRAM.COM/PAULO.SPENGLER.1/,
240002537092,Renato da Farmácia,Renato Geske,45051,Deputado estadual,PSDB,Farmacêutico,Superior completo,72,,,54449,HTTPS://WWW.TIKTOK.COM/@VEREADORRENATODAFARMACIA HTTPS://WWW.INSTAGRAM.COM/VER.RENATODAFARMACIA/,
240002537090,Serginho,Sergio Freitas,45555,Deputado estadual,PSDB,Servidor Público Municipal,Superior completo,54,,,0,HTTPS://WWW.INSTAGRAM.COM/SERGINHOANITAPOLIS/ HTTPS://WWW.FACEBOOK.COM/SERGIO.FREITAS.921,
240002537101,Sonia Vedovatto,Sonia Salete Vedovatto,45450,Deputado estadual,PSDB,Professor de Ensino Superior,Superior completo,52,,,11962,HTTPS://WWW.FACEBOOK.COM/SONIAVDT?LOCALE=PT_BR HTTPS://WWW.INSTAGRAM.COM/SONIAVEDOVATTO/,
240002537103,Tcharles Purim,Tcharles Purim,45045,Deputado estadual,PSDB,Arquiteto,Superior completo,36,,,250000,HTTP://INSTAGRAM.COM/TCHARLESPURIM,
240002537088,Tolfo,Adelar José Tolfo,45345,Deputado estadual,PSDB,Analista de Sistemas,Superior completo,66,,,89601,HTTPS://WWW.INSTAGRAM.COM/TOLFO.SAUDE/ HTTPS://WWW.FACEBOOK.COM/ADELARJOSETOLFO?LOCALE=PT_BR,
240002537816,Alex Stein,Alex Sandro Gonzaga Stein,50005,Deputado estadual,PSOL,Advogado,Superior completo,51,,Deputado Estadual (PSOL): Suplente,74000,HTTPS://WWW.FACEBOOK.COM/ALEXSTEINDESENVOLVIMENTOSUSTENTAVEL/ HTTPS://WWW.INSTAGRAM.COM/ALEXSTEIN50/,
240002537821,Alexandre Nau,Carlos Alexandre Nau,50000,Deputado estadual,PSOL,Empresário,Médio completo,33,,,0,HTTPS://X.COM/ALEXANDRENAU HTTPS://TIKTOK.COM/EUALEXANDRENAU HTTPS://FACEBOOK.COM/NAUALEXANDRE,
240002537823,Amarildo Narciso,Amarildo Narciso,50789,Deputado estadual,PSOL,Músico,Fundamental incompleto,38,,Deputado Estadual (PSOL): Suplente,0,,
240002537812,Ana Flávia,Ana Flávia Luiz,50777,Deputado estadual,PSOL,Técnico de Enfermagem e Assemelhados (exceto Enfermeiro),Médio completo,30,,,0,HTTPS://WWW.INSTAGRAM.COM/ANAFLAVIAPSOL/,
240002537817,Ana Vaz,Ana Paula Godoi Vaz,50123,Deputado estadual,PSOL,Professor de Ensino Fundamental,Superior incompleto,43,,,267730,HTTPS://WWW.TIKTOK.COM/@ANA.VAZ.PSOL HTTPS://WWW.INSTAGRAM.COM/ANAVAZPSOL50 HTTPS://WWW.FACEBOOK.COM/SHARE/1DONYZ8ANM/,
240002537824,Camasão,Leonel David Jesus Camasão Cordeiro,50500,Deputado estadual,PSOL,Vereador,Superior completo,40,,,456475,HTTPS://X.COM/CAMASAO50 HTTPS://WWW.INSTAGRAM.COM/CAMASAO50 HTTPS://WWW.YOUTUBE.COM/CHANNEL/UCK1OYZQFOFTWWEM2MBUCG0Q,
240002537810,Carlos Silva,Carlos Silva,50900,Deputado estadual,PSOL,Faxineiro,Fundamental completo,33,,,0,HTTPS://INSTAGRAM.COM/CARLOSVULGOJR,
240002537814,Douglas Meriz,Douglas Meriz,50505,Deputado estadual,PSOL,Trabalhador de Fabricação e Preparação de Alimentos e Bebidas,Médio completo,27,,,0,HTTPS://WWW.TIKTOK.COM/@TH4NY4?_R=1&_T=ZS-983OITWDZYJ HTTP://T.ME/DOUGTRANS HTTPS://WWW.FACEBOOK.COM/SHARE/1EZDENGZZO/,
240002537813,Fabinho Henschel,Fabio Henschel Sabel,50007,Deputado estadual,PSOL,"Estudante, Bolsista, Estagiário e Assemelhados",Superior incompleto,26,,,0,HTTPS://WWW.FACEBOOK.COM/FABIO.HENSCHELSABEL/ HTTPS://INSTAGRAM.COM/FABIOHENSCHEL,
240002537820,Fábio de Oliveira,Fábio Silveira de Oliveira,50369,Deputado estadual,PSOL,Agricultor,Superior incompleto,36,,Deputado Federal (PSOL): Não eleito,8560,HTTPS://WWW.INSTAGRAM.COM/FABIODE33339?IGSH=MWTOM3LYYWTQCDDODQ== HTTPS://YOUTUBE.COM/@NAATIVIDADESAOJOSEDOCERRIT9567?SI=OFER7-ZXV6OER4QN HTTPS://WWW.FACEBOOK.COM/SHARE/1GXS5Y7EJ1/,
240002537809,Geleia,Edson Alipe Capistrano,50550,Deputado estadual,PSOL,Vigilante,Superior completo,55,,,115000,,
240002537818,Gerson Popaye,Gerson Antonio Ribeiro,50111,Deputado estadual,PSOL,Pescador,Superior incompleto,57,,,0,,
240002537798,Ingrid Sateré Mawé,Ingrid Silva de Assis,50180,Deputado estadual,PSOL,Vereador,Superior completo,38,,,0,HTTPS://WWW.YOUTUBE.COM/@SEMENTEDOFUTUROO HTTPS://INSAGRAM.COM/INGRIDSATEREMAWE HTTPS://WWW.FACEBOOK.COM/INGRIDSATEREMAWE,
240002537801,Jô Marquez,Josiane dos Santos Marques,50096,Deputado estadual,PSOL,Modelo,Superior incompleto,28,,,0,HTTPS://WWW.FACEBOOK.COM/SHARE/1JGX6RKXEN/?MIBEXTID=WWXIFR HTTPS://INSTAGRAM.COM/JOMARQUEZ__ HTTPS://WWW.TIKTOK.COM/@JOMARQUEZ______?_R=1&_D=F34BJKDJIJ4CAF&SEC_UID=MS4WLJABA,
240002537808,Mariana Sartor,Mariana Furlan Sartor,50100,Deputado estadual,PSOL,Biólogo,Superior completo,30,,,465745,HTTPS://INSTAGRAM.COM/MARIANAFSARTOR HTTPS://TIKTOK.COM/MARIANAFSARTOR HTTP://MARIANASARTOR.COM.BR,
240002537811,Marquito,Marcos José de Abreu,50150,Deputado estadual,PSOL,Deputado,Superior completo,46,sim,Deputado Estadual (PSOL): Eleito por média,967000,,
240002537819,Meirinho,Everton Meirinho de Oliveira,50456,Deputado estadual,PSOL,Gari ou Lixeiro,Superior incompleto,29,,Deputado Estadual (SOLIDARIEDADE): Não eleito,140000,HTTPS://INSTAGRAM.COM/MEIRINHO.PSOL.SC HTTPS://WWW.FACEBOOK.COM/SHARE/1BRXOPQDK2/,
240002537815,Prof. Genésio Adolfo,Genésio Adolfo da Silva,50054,Deputado estadual,PSOL,Professor de Ensino Médio,Superior completo,71,,,784709,HTTPS://INSTAGRAM.COM/GENESIOADOLFO HTTPS://WWW.YOUTUBE.COM/C/GENESIOADOLFO,
240002537822,Prof. Iza,Izabele Cristini da Silva,50555,Deputado estadual,PSOL,Professor de Ensino Fundamental,Superior completo,36,,,6900,HTTPS://WWW.FACEBOOK.COM/PEOPLE/PROF%C2%AA-IZA/61560709736194/?UTM_SOURCE=IG&UTM HTTPS://WWW.FACEBOOK.COM/PROFILE.PHP?ID=61560709736194 HTTPS://WWW.INSTAGRAM.COM/PROFA.IZALICERCE,
240002537806,Professor Andrew Leal,Andrew Leal,50321,Deputado estadual,PSOL,Empresário,Superior completo,29,,,35000,HTTP://ANDREWLEAL.COM.BR HTTPS://WWW.TIKTOK.COM/@LEALANDREW HTTPS://WWW.INSTAGRAM.COM/ANDREWLEAL7/,
240002537802,Professor Marcelo,Marcelo Henrique Pereira,50600,Deputado estadual,PSOL,Fiscal,Superior completo,57,,,1623000,HTTP://WWW.PROFESSORMARCELO50600.COM.BR/BLOG HTTPS://INSTAGRAM.COM/PROFESSORMARCELO50600,
240002537804,Vivi do Juntos,Vitória Pedroni,50999,Deputado estadual,PSOL,"Estudante, Bolsista, Estagiário e Assemelhados",Superior incompleto,24,,,0,HTTPS://INSTAGRAM.COM/PEDRONI_VIVII https://www.instagram.com/vivi.juntos?igsh=NmtmZjhuZjB5MGhm,
240002537807,Ângelo Chocolate,Ângelo Máximo de Lima,50333,Deputado estadual,PSOL,Gari ou Lixeiro,Médio completo,51,,,362000,,
240002538100,Professor Cristiano Florêncio,Cristiano Rafael Florencio,16000,Deputado estadual,PSTU,Servidor Público Municipal,Superior completo,40,,,394085,HTTPS://WWW.INSTAGRAM.COM/CRISTIANOFLORENCIO16?IGSH=B3ZYN29QZW45BMF1,
240002538099,Professora Nadir Fernandes,Nadir Fernandes,16016,Deputado estadual,PSTU,Professor de Ensino Médio,Superior completo,58,,,550000,HTTPS://WWW.INSTAGRAM.COM/NADIR.FERNANDES.148?IGSH=B2T3ADNJBGFNEDNX,
240002540089,Arlindo Rocha,Arlindo Rocha,13013,Deputado estadual,PT,Advogado,Superior completo,58,,,1264396,HTTPS://WWW.INSTAGRAM.COM/ARLINDOROCHAPTSC/ HTTP://FACEBOOK.COM/ARLINDOROCHA,
240002540087,Bia Vargas,Beatriz da Silva Vargas,13620,Deputado estadual,PT,Empresário,Superior incompleto,39,,Vice-Governador (PSB): Não eleito,31307,HTTP://INSTAGRAM.COM/BIAVARGAS,
240002540085,Cacica Eliara,Elizete Antunes,13524,Deputado estadual,PT,Professor de Ensino Médio,Superior completo,43,,,0,HTTP://INSTAGRAM.COM/CACICAELIARA,
240002540101,Claudia Bratti,Claudia Lucia Bratti,13130,Deputado estadual,PT,Advogado,Superior completo,62,,Deputado Estadual (PT): Suplente,249737,HTTPS://WWW.FACEBOOK.COM/CLAUDIA.BRATTI.5 HTTPS://WWW.INSTAGRAM.COM/CLAUDIABRATTI.OFICIAL,
240002540074,Cláudio Márcio,Claudio Marcio Araujo da Gama,13100,Deputado estadual,PT,Administrador,Superior completo,55,,Deputado Estadual (PT): Suplente,21396,HTTPS://WWW.INSTAGRAM.COM/CLAUDIOMARCIO_13/,
240002540092,Dionísio Bertoldi,Dionísio Luis Bertoldi,13456,Deputado estadual,PT,Empresário,Médio incompleto,60,,,767458,HTTPS://INSTAGRAM.COM/VEREADORDIONISIO/ HTTPS://WWW.FACEBOOK.COM/DIONISIOBERTOLDI/,
240002540084,Fabiano da Luz,Fabiano da Luz,13500,Deputado estadual,PT,Deputado,Superior completo,52,sim,Deputado Estadual (PT): Eleito por QP,2124379,HTTPS://X.COM/FABIANODALUZSC HTTPS://WWW.FABIANO13500.COM.BR/ HTTPS://WWW.FACEBOOK.COM/FABIANODALUZSC,
240002540100,Gislaine Durski,Gislaine Cardoso Durski,13113,Deputado estadual,PT,Agente Administrativo,Superior completo,42,,Deputado Estadual (PT): Suplente,645500,HTTPS://WWW.GISLAINEDURSKI.COM.BR/,
240002540072,Jaciara Machuga,Jaciara Machuga,13040,Deputado estadual,PT,Outros,Superior completo,39,,,78437,https://www.jaciaramachuga.com.br HTTPS://WWW.INSTAGRAM.COM/JACIARA.MACHUGA/ HTTPS://WWW.TIKTOK.COM/@JACIARA.MACHUGAA,
240002540080,Jean Volpato,Jean Volpato,13313,Deputado estadual,PT,Vereador,Superior completo,34,,Deputado Estadual (PT): Suplente,570000,https://threads.com/@jeanvolpato https://facebook.com/jean.volpato.847701 https://instagram.com/volpato.cri,
240002540102,João Paulo,João Paulo Tavares Bastos Gama,13200,Deputado estadual,PT,Advogado,Superior completo,50,,,369901,,
240002540086,Jumeri Zanetti,Jumeri Zanetti,13044,Deputado estadual,PT,Professor de Ensino Fundamental,Superior completo,53,,,689000,HTTPS://JUMERIZANETTI.COM.BR/ HTTPS://WWW.INSTAGRAM.COM/JUMERIZANETTI/,
240002540076,Linno Vianna,Lindomar Vianna Nogueira,13131,Deputado estadual,PT,Jornalista e Redator,Superior completo,54,,,0,HTTP://INSTAGRAM.COM/LINNOVIANNA13,
240002540083,Luciane Carminatti,Luciane Maria Carminatti,13601,Deputado estadual,PT,Deputado,Superior completo,56,sim,Deputado Estadual (PT): Eleito por QP,1412596,https://www.facebook.com/LucianeCarminatti13 https://www.youtube.com/@LucianeCarminatti13 HTTPS://LUCIANECARMINATTI.COM.BR/,
240002540090,Marisa Zanoni - Nós Juntas,Marisa Zanoni Fernandes,13300,Deputado estadual,PT,Professor de Ensino Superior,Superior completo,58,,Deputado Estadual (PT): Suplente,112339,HTTPS://WWW.INSTAGRAM.COM/MARISAZF HTTPS://WWW.TIKTOK.COM/@MARISAZANONIBC HTTPS://WWW.YOUTUBE.COM/@MARISAZANONI,
240002540097,Maristela Francisco,Maristela da Silva Francisco,13007,Deputado estadual,PT,Policial Civil,Superior completo,58,,,0,HTTPS://WWW.INSTAGRAM.COM/MARISTELAFRANCISCOO/ HTTPS://WWW.FACEBOOK.COM/PROFILE.PHP?ID=61561111932925,
240002540094,Neodi Saretta,Neodi Saretta,13120,Deputado estadual,PT,Advogado,Superior completo,62,sim,Deputado Estadual (PT): Eleito por QP,2895761,HTTPS://WWW.TIKTOK.COM/@NEODI.SARETTA HTTPS://WWW.FACEBOOK.COM/NEODI.SARETTA.52 HTTPS://WWW.THREADS.COM/@NEODI_SARETTA,
240002540098,Osmar Barcaro,Osmar Barcaro,13999,Deputado estadual,PT,Aposentado (exceto Servidor Público),Médio completo,68,,,1012210,,
240002540082,Padre Pedro,Pedro Baldissera,13987,Deputado estadual,PT,Sacerdote ou Membro de Ordem ou Seita Religiosa,Superior completo,69,sim,Deputado Estadual (PT): Eleito por QP,2248299,HTTPS://WWW.YOUTUBE.COM/@PADREPEDROBALDISSERA HTTPS://WWW.FACEBOOK.COM/PADREPEDROBALDISSERA HTTPS://WWW.INSTAGRAM.COM/PADRE.PEDROBALDISSERA,
240002540081,Paulo Eccel,Paulo Roberto Eccel,13030,Deputado estadual,PT,Advogado,Superior completo,61,,Deputado Estadual (PT): Suplente,1435000,,
240002540071,Prof Caleb Clarindo,Erick Caleb Magalhães Clarindo,13321,Deputado estadual,PT,Pedagogo,Superior completo,28,,,59510,HTTPS://WWW.INSTAGRAM.COM/CALEBCLARINDO HTTP://FACEBOOK.COM/CALEB.CLARINDO,
240002540093,Professor Cadu,Carlos Eduardo de Souza,13123,Deputado estadual,PT,Professor de Ensino Fundamental,Superior completo,47,,,244132,https://www.youtube.com/@professorcadu-13123 HTTPS://WWW.INSTAGRAM.COM/CADUPROFESSOR/ https://www.threads.com/@caduprofessor?igshid=NTc4MTIwNjQ2Y,
240002540075,Professor Chico,Francisco Assis Rocha,13690,Deputado estadual,PT,Professor de Ensino Médio,Superior completo,60,,Deputado Estadual (PT): Suplente,713,HTTP://INSTAGRAM.COM/PROFESSORCHICOSC,
240002540091,Professor Vitor Xuxa,Vitor Rollin Prudêncio,13000,Deputado estadual,PT,Professor de Ensino Médio,Superior completo,34,,,0,https://www.facebook.com/vitor.xuxa https://x.com/profvitorxuxa https://www.tiktok.com/@profvitorxuxa,
240002540096,Professora Ana Lucia Martins,Ana Lucia Martins Rosskamp,13180,Deputado estadual,PT,Aposentado (exceto Servidor Público),Superior completo,60,,,645856,HTTPS://WWW.INSTAGRAM.COM/PROFESSORA.ANALUCIAMARTINS/,
240002540079,Rafael Consul Coletivo de Axé,Rafael Consul de Almeida,13137,Deputado estadual,PT,Advogado,Superior completo,43,,Deputado Estadual (PT): Suplente,160130,HTTP://INSTAGRAM.COM/RAFAELCONSULSJ,
240002540077,Rafael Lima,Rafael de Lima Oechsler,13777,Deputado estadual,PT,Empresário,Médio completo,45,,,0,HTTPS://WWW.FACEBOOK.COM/SHARE/1BLHGN4AH4/ HTTPS://WWW.INSTAGRAM.COM/RAFAEL_LIMA.SC HTTPS://WWW.FACEBOOK.COM/SHARE/1D7THWSRMK/,
240002540073,Rodolfo de Ramos,Rodolfo de Ramos,13045,Deputado estadual,PT,Outros,Médio completo,45,,Deputado Estadual (PT): Suplente,431190,HTTPS://WWW.RODOLFOPRECANDIDATOPT.COM.BR/,
240002540099,Rodrigo Preis,Rodrigo Preis,13470,Deputado estadual,PT,Agricultor,Superior completo,43,,Deputado Estadual (PT): Suplente,812173,HTTPS://WWW.TIKTOK.COM/@RODRIGOPREIS13 HTTPS://X.COM/RODRIGOPREIS13 HTTPS://WWW.FACEBOOK.COM/RODRIGOPREIS13,
240002540088,Tom da Barra Pcd,Milton Rangel Constanti,13613,Deputado estadual,PT,Aposentado (exceto Servidor Público),Médio incompleto,66,,,290000,,
240002537799,Amanda Ribeiro,Amanda Ribeiro de Proença,18180,Deputado estadual,REDE,Operador de Aparelhos de Produção Industrial,Médio completo,25,,,0,HTTPS://WWW.FACEBOOK.COM/SHARE/19JEMIWACO/ HTTPS://WWW.INSTAGRAM.COM/AMANDAREDESUSTENTABILIDADE18/,
240002537800,Leandro da Silva,Leandro da Silva,18000,Deputado estadual,REDE,Vendedor de Comércio Varejista e Atacadista,Fundamental incompleto,37,,,0,HTTPS://WWW.FACEBOOK.COM/SHARE/1BKAG9MUQM/?MIBEXTID=WWXIFR HTTPS://WWW.INSTAGRAM.COM/LEANDRO_BRUSQUEMEIAS?IGSH=MXNOM2T1DTFSCWJVYQ==,
240002537825,Simone Moredo,Simone Moredo,18018,Deputado estadual,REDE,Psicólogo,Superior completo,51,,,1040400,HTTPS://WWW.INSTAGRAM.COM/SIMONEREDESUSTENTABILIDADESC,
240002537918,Acélio Casagrande,Acelio Casagrande,10100,Deputado estadual,REPUBLICANOS,Administrador,Superior completo,64,,Deputado Estadual (PSDB): Suplente,112856,HTTPS://X.COM/OACELIO HTTPS://WWW.TIKTOK.COM/@ACELIOCASAGRANDE?_R=1&_T=ZS-980KPS HTTPS://WWW.INSTAGRAM.COM/OACELIOCASAGRANDE/ HTTPS://WWW.FACEBOOK.COM/ACELIOC,
240002537913,André Moser,Andre Luiz Moser,10222,Deputado estadual,REPUBLICANOS,Advogado,Superior completo,40,,,130000,HTTPS://WWW.FACEBOOK.COM/SHARE/1E4DRQR1B7/?MIBEXTID=WWXIFR HTTPS://WWW.INSTAGRAM.COM/ANDRE_MOSER?IGSH=NTBYEXPYOWRNZ3FP&UTM_SOURCE=QR,
240002537919,Anna Carolina,Anna Carolina Cristofolini Martins,10200,Deputado estadual,REPUBLICANOS,Advogado,Superior completo,45,,Deputado Estadual (PSDB): Suplente,444284,HTTPS://WWW.FACEBOOK.COM/VEREADORAANNACAROLINA/ HTTPS://WWW.INSTAGRAM.COM/ANNACAROLINAADV/ HTTPS://WWW.TIKTOK.COM/@ANNACAROLINAADV,
240002537929,Brandel Junior,Josias Brandel Junior,10010,Deputado estadual,REPUBLICANOS,Empresário,Superior completo,51,,,2425870,HTTPS://WWW.FACEBOOK.COM/PROFILE.PHP?ID=100008423108647 HTTPS://WWW.THREADS.COM/@BRANDELJUNIOR HTTPS://X.COM/BRANDELJUNIOR?S=20,
240002537932,Cabral,Noemia Leonida Cabral Borges,10144,Deputado estadual,REPUBLICANOS,Advogado,Superior completo,55,,,1250000,https://www.facebook.com/profile.php?id=61594070938403 https://www.instagram.com/noemiacabral10144/,
240002537911,Cesconetto,Eduardo Cesconetto de Souza,10220,Deputado estadual,REPUBLICANOS,Engenheiro,Superior completo,47,,,4717000,HTTPS://WWW.FACEBOOK.COM/EDUARDO.CESCONETODESOUZA HTTPS://WWW.INSTAGRAM.COM/EDUCESCONETTOSOUZA,sim
240002537933,Consoli Gerri Consoli,Gerri Adriani Consoli,10000,Deputado estadual,REPUBLICANOS,Empresário,Superior completo,51,,Deputado Estadual (PSD): Suplente,156020,HTTPS://WWW.INSTAGRAM.COM/GERRI.CONSOLI?IGSH=CGD0A2EXMTZXMHY5&UTM_SOURCE=QR HTTPS://YOUTUBE.COM/@GERRICONSOLI?SI=AYNYJMPFCZD7WGCH HTTPS://WWW.TIKTOK.COM/@GERRICONSOLI?_R=1&_T=ZS-985ZZI7PLFU,
240002537936,Dr. Jorge,Jorge Antonio Lopes Oliveira,10210,Deputado estadual,REPUBLICANOS,Médico,Superior completo,69,,Deputado Estadual (PL): Suplente,1346743,HTTPS://WWW.FACEBOOK.COM/SHARE/1BCWNLZ2KR/?MIBEXTID=WWXIFR HTTPS://WWW.FACEBOOK.COM/SHARE/1J7M9KCA6M/?MIBEXTID=WWXIFR HTTPS://WWW.INSTAGRAM.COM/DR_JORGEOLIVEIRA?IGSH=MXFYBTCZCTY5MWR2AG==,
240002537917,Dr. Paulo Coral,Paulo Henrique Nobrega Coral,10555,Deputado estadual,REPUBLICANOS,Médico,Superior completo,39,,Deputado Federal (REPUBLICANOS): Não eleito,44145,HTTPS://WWW.INSTAGRAM.COM/PAULOCORAL.OFICIAL https://www.tiktok.com/@drpaulocoral https://www.facebook.com/dr.paulocoral,
240002537934,Dr. Roni Ribeiro,Roni Francisco Batista Ribeiro,10999,Deputado estadual,REPUBLICANOS,Odontólogo,Superior completo,38,,,110000,HTTPS://WWW.INSTAGRAM.COM/RONIBATISTARIBEIRO?IGSH=NGCYD2RUA25PMME1&UTM_SOURCE=QR,
240002537923,Edson Piriquito,Edson Renato Dias,10015,Deputado estadual,REPUBLICANOS,Empresário,Superior completo,58,,Deputado Estadual (REPUBLICANOS): Não eleito,630000,https://www.facebook.com/edsonpiriquitobc2 https://www.facebook.com/edson.dias.932638 HTTPS://WWW.INSTAGRAM.COM/EDSONPIRIQUITO/,
240002537914,Expedito Michels da Fucap,Expedito Michels,10110,Deputado estadual,REPUBLICANOS,Administrador,Superior completo,63,,,5292535,HTTPS://WWW.TIKTOK.COM/@EXPEDITOMICHELS HTTPS://WWW.INSTAGRAM.COM/EXPEDITOMICHELS/ HTTPS://WWW.FACEBOOK.COM/EXPEDITOMICHELS21,
240002537910,Gabriel Carrara,Gabriel Martins Carrara,10101,Deputado estadual,REPUBLICANOS,"Corretor de Imóveis, Seguros, Títulos e Valores",Superior completo,43,,,835531,HTTPS://WWW.INSTAGRAM.COM/GABRIELCARRARAOFICIAL/ HTTPS://GABRIELCARRARA.COM.BR/ HTTPS://WWW.FACEBOOK.COM/GABRIELCARRARAOFICIAL,
240002537908,Jean Kuhlmann,Jean Jackson Kuhlmann,10022,Deputado estadual,REPUBLICANOS,Administrador,Superior completo,51,,,832416,HTTPS://X.COM/KUHLMANNJEAN HTTPS://WWW.YOUTUBE.COM/@JEANKUHLMANN1975 HTTPS://WWW.LINKEDIN.COM/IN/JEANKUHLMANN/,
240002537930,Jeferson Cardozo,Jeferson Cardozo,10444,Deputado estadual,REPUBLICANOS,Servidor Público Estadual,Superior completo,37,,Deputado Estadual (PL): Suplente,765273,HTTPS://WWW.INSTAGRAM.COM/DEPUTADOJEFERSONCARDOZO?UTM_SOURCE=QR HTTPS://YOUTUBE.COM/@JEFERSONATALAIA?SI=LU4U8JFPBBHB39LY HTTPS://WWW.FACEBOOK.COM/SHARE/1937ODC2RQ/?MIBEXTID=WWXIFR,
240002537909,Jefferson Monteiro,Jefferson Damin Monteiro,10333,Deputado estadual,REPUBLICANOS,Advogado,Superior completo,47,,Deputado Estadual (REPUBLICANOS): Suplente,0,https://x.com/jmonteirosc https://www.facebook.com/profile.php https://www.facebook.com/jmonteirosc/,
240002537915,Lucas Neves,Lucas Felipe Melo Neves,10282,Deputado estadual,REPUBLICANOS,Deputado,Superior completo,37,sim,Deputado Estadual (PODE): Eleito por média,1364632,HTTPS://X.COM/LUCASNEVES_SC HTTPS://WWW.FACEBOOK.COM/LUCASNEVES.SC WA.ME/554999161848,
240002537912,Marcelo Werner,Marcelo Werner,10777,Deputado estadual,REPUBLICANOS,Advogado,Superior completo,48,,Deputado Federal (PSC): Não eleito,972000,HTTPS://WWW.INSTAGRAM.COM/VEREADORMARCELOWERNER/ HTTPS://WWW.FACEBOOK.COM/VEREADORMARCELOWERNER/ WWW.MARCELOWERNERGABINETEONLINE.COM.BR,
240002537916,Marcilene Miss,Marcilene Maria Menegassi,10111,Deputado estadual,REPUBLICANOS,Administrador,Fundamental completo,31,,,44000,HTTPS://WWW.FACEBOOK.COM/SHARE/1LBJ9ZHCAB/?MIBEXTID=WWXIFR HTTPS://WWW.INSTAGRAM.COM/MARCY_MISS_SANTACATARINA?IGSH=A3B3MNFHZJHMDNI0&UTM_SOU HTTPS://WWW.INSTAGRAM.COM/MARCYMISS_SANTACATARINA,
240002537935,Pastor Foppa,Marcus Foppa,10722,Deputado estadual,REPUBLICANOS,Sacerdote ou Membro de Ordem ou Seita Religiosa,Médio completo,53,,,710000,,
240002537937,Patricia Odwazny Flexa,Patricia Odwazny Flexa,10157,Deputado estadual,REPUBLICANOS,Jornalista e Redator,Superior completo,47,,,0,HTTPS://WWW.FACEBOOK.COM/PATYODWFLEXA HTTPS://WWW.INSTAGRAM.COM/PATRICIA_ODWAZNY/,
240002537926,Paulinha,Ana Paula de Souza,10008,Deputado estadual,REPUBLICANOS,Outros,Fundamental incompleto,51,,,63000,HTTPS://WWW.INSTAGRAM.COM/A_PAULASOUZA1?IGSH=ZNPOZXD4ADZNEWG3 HTTPS://WWW.FACEBOOK.COM/SHARE/1EOKRWVYTK/,
240002537928,Piccoli,Gimar Piccoli,10800,Deputado estadual,REPUBLICANOS,Servidor Público Federal,Superior completo,56,,,118000,HTTPS://WWW.INSTAGRAM.COM/GIMARPICCOLI?IGSH=MW5KMWH5YTA5NHBQEA== HTTPS://WWW.FACEBOOK.COM/SHARE/1BKXYBMXBD/,
240002537920,Sabrina Maia,Sabrina Siebers Maia Girardi,10026,Deputado estadual,REPUBLICANOS,Empresário,Médio completo,48,,,0,HTTPS://WWW.FACEBOOK.COM/SHARE/1FFTDHF7OR/ HTTPS://WWW.FACEBOOK.COM/PROFILE.PHP?ID=61591706290014 HTTPS://WWW.INSTAGRAM.COM/SABRINASMGIRARDI?IGSH=MWZWYWXVODH0MHNQEQ==,
240002537921,Salmir da Silva,Salmir da Silva,10789,Deputado estadual,REPUBLICANOS,Empresário,Superior completo,56,,,565517,HTTPS://WWW.INSTAGRAM.COM/SALMIRPREFEITO/ HTTPS://TIMESALMIR.COM.BR/,
240002537938,Sergio Motta,Sérgio Motta Ribeiro,10123,Deputado estadual,REPUBLICANOS,Sacerdote ou Membro de Ordem ou Seita Religiosa,Superior completo,58,sim,Deputado Estadual (REPUBLICANOS): Eleito por QP,4372652,HTTPS://WWW.INSTAGRAM.COM/SERGIOMOTTA10SC?IGSH=ZNLMYTDMENG3AXHS https://coragemsemostracomtrabalho.netlify.app/ HTTPS://WWW.FACEBOOK.COM/SHARE/1DQT6TVJDF/?MIBEXTID=WWXIFR,
240002554491,Simone Tomkelski,Simone Aparecida Tomkelski,10137,Deputado estadual,REPUBLICANOS,Faxineiro,Fundamental incompleto,53,,,65000,https://www.facebook.com/simone.tomkelski/ https://www.instagram.com/tomkelskisimone/,
240002537931,Suelen Geremia,Suelen Geremia,10456,Deputado estadual,REPUBLICANOS,Empresário,Superior completo,44,,Deputado Estadual (MDB): Suplente,6564969,HTTPS://WWW.FACEBOOK.COM/SHARE/18MNTZ5H7N/ HTTPS://WWW.INSTAGRAM.COM/SUELENGEREMIA?IGSH=MTVNZWZLEXOXBMJLDA==,
240002537927,Victor Forte,Victor Hugo Silva Forte,10888,Deputado estadual,REPUBLICANOS,Outros,Superior completo,29,,,1883144,HTTPS://WWW.TIKTOK.COM/@VICTORHUGOFORTE97 HTTPS://WWW.INSTAGRAM.COM/VICTORHUGOFORTE/ HTTPS://WWW.FACEBOOK.COM/VICTORFORTE22/,
240002537939,Yoli Ravazzi,Iolanda Pereira Alves Franco Ravazzi Viana,10028,Deputado estadual,REPUBLICANOS,Outros,Superior incompleto,48,,,0,HTTPS://WWW.INSTAGRAM.COM/YOLI_RAVAZZI?UTM_SOURCE=QR&IGSH=CG9SN2LIZ3Z1AGR4 HTTPS://WWW.FACEBOOK.COM/SHARE/19GIK3RFUE/,
240002552931,Adelina Martins,Adelina Martins,77111,Deputado estadual,SOLIDARIEDADE,Empresário,Superior completo,56,,,423538,https://www.facebook.com/share/1EmwAJHfUr/?mibextid=wwXIfr Este Vlogger comparti https://www.tiktok.com/@adelinamartinsdida?_r=1&_t=ZS-98qoLguAboq https://www.instagram.com/adelinamartinsdida?utm_source=qr,
240002552137,Alcir Marcos,Alcir Manoel Marcos,77007,Deputado estadual,SOLIDARIEDADE,Advogado,Superior completo,69,,,1045000,,
240002554186,Jana Medeiros,Janaina Sabino Medeiros,77773,Deputado estadual,SOLIDARIEDADE,Outros,Médio completo,44,,,0,,
240002552930,Jorge Junior,Jorge Godinho da Silva Junior,77777,Deputado estadual,SOLIDARIEDADE,Administrador,Médio incompleto,29,,,600000,,
240002552926,Malu,Maria Luiza Ferreira de Oliveira,77002,Deputado estadual,SOLIDARIEDADE,Recepcionista,Superior incompleto,27,,,0,,
240002552932,Pastor Renato,Luiz Renato Lucio,77725,Deputado estadual,SOLIDARIEDADE,Aposentado (exceto Servidor Público),Superior completo,69,,,0,,
240002552927,Sommer,João Batista Sommer,77770,Deputado estadual,SOLIDARIEDADE,Outros,Médio incompleto,65,,,298000,,
240002543393,Ale Paolazzi,Alessandra da Rosa Pavelski Paolazzi,44789,Deputado estadual,UNIÃO,Agricultor,Superior completo,38,,,130000,HTTPS://WWW.FACEBOOK.COM/SHARE/1DGW6VZPZB/,
240002543395,Alemão da Alumetal,Carlos Cezar Wagner,44144,Deputado estadual,UNIÃO,Industrial,Fundamental completo,60,,,605704,HTTPS://WWW.INSTAGRAM.COM/CARLOS.WAGNER.ALEMAO/,
240002543417,David Busarello,David Christian Busarello,44044,Deputado estadual,UNIÃO,Empresário,Superior completo,40,,,1154100,HTTPS://WWW.INSTAGRAM.COM/DAVIDBUSARELLO?IGSH=MWJSBMQ4BGG0AHDYYQ==,
240002543392,Dr. Vicente,Vicente Augusto Caropreso,44000,Deputado estadual,UNIÃO,Deputado,Superior completo,70,sim,Deputado Estadual (PSDB): Eleito por QP,4997264,HTTPS://WWW.TIKTOK.COM/@DRVICENTECAROPRESO HTTPS://WWW.YOUTUBE.COM/@DR.VICENTECAROPRESO6334 HTTPS://WWW.FACEBOOK.COM/DRVICENTECAROPRESO,
240002543400,Gean Loureiro,Gean Marques Loureiro,44123,Deputado estadual,UNIÃO,Advogado,Superior completo,53,,Governador (UNIÃO): Não eleito,4928203,HTTPS://WWW.INSTAGRAM.COM/GEAN_LOUREIRO?IGSH=NHJTMMSWCJCYNGNZ HTTPS://WWW.FACEBOOK.COM/GEANLOUREIRO,
240002543388,Gringo Ladomenega,Ivaldo Pizzinatto,44555,Deputado estadual,UNIÃO,Vereador,Médio completo,66,,,1098000,HTTPS://WWW.INSTAGRAM.COM/GRINGOVEREADOR/,
240002543422,Jaciara Di Santo,Jaciara Di Santo Santos,44055,Deputado estadual,UNIÃO,Outros,Superior completo,43,,,15000,HTTPS://WWW.TIKTOK.COM/@JACIARADISANTO?_R=1&_T=ZS-98BRPQWPIYY https://www.facebook.com/jaciara.santos.3154284 https://www.tiktok.com/@JACIARADISANTO,
240002543413,Jackson Goetten,Jackson de Souza Goetten,44333,Deputado estadual,UNIÃO,Vereador,Médio completo,29,,,35000,HTTPS://WWW.INSTAGRAM.COM/JACKSONGOETTEN_VEREADOR?IGSH=MTVUNWVSDJBHCG9NOA==,
240002543389,Ju do Taxi,Juceia dos Santos Lucas,44042,Deputado estadual,UNIÃO,Taxista,Médio completo,45,,,50000,HTTPS://WWW.INSTAGRAM.COM/JUDOTAXI_SC?IGSH=AXZ4ZXFWBTVQCMTL,
240002543421,Kelly Paz,Kelly Tatiane Silva da Paz,44411,Deputado estadual,UNIÃO,Vereador,Médio completo,37,,,333900,HTTPS://WWW.INSTAGRAM.COM/KELLYTATIANESILVAPAZ?IGSH=CZM3BND1ZXDUOHD4 HTTPS://WWW.FACEBOOK.COM/SHARE/1HNFJWMS8H/ HTTPS://WWW.TIKTOK.COM/@KELLY_PAZ31?_R=1&_T=ZS-98BSUGI95TT,
240002543391,Marcio Dedé,Marcio Jose Goncalves,44444,Deputado estadual,UNIÃO,Empresário,Superior completo,48,,Deputado Federal (UNIÃO): Suplente,0,https://www.facebook.com/marciodede/ https://www.youtube.com/@marciodedeitajai https://marciodede.com.br/,
240002543402,Marcio Tinte,Marcio Antonio de Araujo,44110,Deputado estadual,UNIÃO,Empresário,Superior completo,57,,Deputado Estadual (REPUBLICANOS): Suplente,31413000,HTTPS://WWW.INSTAGRAM.COM/MARCIOTINTE.GARUVA,
240002543396,Parisotto,Narcizo Luiz Parisotto,44104,Deputado estadual,UNIÃO,Sacerdote ou Membro de Ordem ou Seita Religiosa,Médio completo,81,,,2424649,HTTPS://WWW.FACEBOOK.COM/NARCIZOPARISOTTO/ https://www.instagram.com/narcizo_parisottoo_ficial/ https://narcizoparisotto.com.br/,
240002543385,Pastor Napoleão Bonaparte,José Napoleão Bonaparte Maia Rodrigues,44777,Deputado estadual,UNIÃO,Sacerdote ou Membro de Ordem ou Seita Religiosa,Médio completo,66,,,0,HTTPS://WWW.INSTAGRAM.COM/PASTOR_NAPOLEAO_BONAPARTE?IGSH=MXVZDWE5N3PKCNA2NA==,
240002543415,Paulo Drumm,Paulo Ricardo Drumm,44111,Deputado estadual,UNIÃO,Advogado,Superior completo,40,,,328450,https://www.instagram.com/pauloricardodrumm/ https://www.facebook.com/pauloricardo.drumm,
240002543414,Policial Emily Pereira,Emily Rosane Pereira,44047,Deputado estadual,UNIÃO,Policial Militar,Superior completo,36,,,0,HTTPS://WWW.TIKTOK.COM/@EMILY.RPEREIRA https://www.facebook.com/emily.rpereiraa HTTPS://WWW.INSTAGRAM.COM/EMILY.RPEREIRA/,
240002543407,Ramos Policial,Saulo Salustiano Ramos Neto,44190,Deputado estadual,UNIÃO,Vereador,Superior completo,43,,,310000,HTTPS://WWW.FACEBOOK.COM/SHARE/18BGGGBAMO/?MIBEXTID=WWXIFR HTTPS://RAMOSPOLICIAL.COM.BR/ HTTPS://WWW.TIKTOK.COM/LOGIN?REDIRECT_URL=HTTPS%3A%2F%2FWWW.TIKTOK.COM%2F%40RAMO,
240002543398,Sandra Scheffer,Sandra Colaço Ferreira Scheffer,44122,Deputado estadual,UNIÃO,Agricultor,Fundamental completo,46,,,0,HTTPS://WWW.INSTAGRAM.COM/SANDRA.SCHEFFER22?IGSH=MXI5EXY4AGFQMJJHYQ==,
240002543409,Sérgio Guimarães,Sergio da Rosa Guimaraes,44500,Deputado estadual,UNIÃO,Deputado,Superior completo,43,sim,Deputado Estadual (UNIÃO): Eleito por QP,763258,HTTPS://WWW.INSTAGRAM.COM/REPORTER.SERGIOGUIMARAES/ HTTPS://WWW.TIKTOK.COM/@REPORTER.SERGIOGUIMARAES HTTPS://www.deputadosergioguimaraes.com.br,
